KDSATKER,KODE_PROGRAM,KODE_KEGIATAN,KODE_OUTPUT,KDIB,VOLUME_OUTPUT,KODE_SUBOUTPUT,VOLUME_SUBOUTPUT,KODE_KOMPONEN,KODE_SUBKOMPONEN,URAIAN_SUBKOMPONEN,KODE_AKUN,KODE_JENIS_BEBAN,KODE_CARA_TARIK,KODE_JENIS_BANTUAN,KODE_REGISTER,HEADER1,HEADER2,KODE_ITEM,NOMOR_ITEM,CONS_ITEM,URAIAN_ITEM,SUMBER_DANA,VOL_KEG_1,SAT_KEG_1,VOL_KEG_2,SAT_KEG_2,VOL_KEG_3,SAT_KEG_3,VOL_KEG_4,SAT_KEG_4,VOLKEG,SATKEG,HARGASAT,TOTAL,KODE_BLOKIR,NILAI_BLOKIR,KODE_STS_HISTORY,POK_NILAI_1,POK_NILAI_2,POK_NILAI_3,POK_NILAI_4,POK_NILAI_5,POK_NILAI_6,POK_NILAI_7,POK_NILAI_8,POK_NILAI_9,POK_NILAI_10,POK_NILAI_11,POK_NILAI_12
403829,WA,2378,EBA,00,4,956,1,101,ZA,Efisiensi,521211,A,0,A0,,0,0,1,0,265,Penggandaan,A,0,,0,,0,,0,,10,PAKET,940000,9400000,A,9400000,B03,0,564000,0,0,0,0,0,0,0,0,0,8836000
403829,WA,2378,EBA,00,4,956,1,101,DA,"Pengelolaan Barang Milik Negara (BMN)",524111,A,0,A0,,1,0,1,0,17,"DKI Jakarta",A,0,,0,,0,,0,,0,,0,0,,0,B03,0,0,0,0,0,0,0,0,0,0,0,0
403829,WA,2378,EBA,00,4,956,1,101,DA,"Pengelolaan Barang Milik Negara (BMN)",524111,A,0,A0,,0,0,2,1,18,"Uang Harian",A,0,,0,,0,,0,,2,OK,300000,600000,,0,B03,0,36000,0,0,0,0,0,0,0,0,0,564000
403829,WA,2378,EBA,00,4,958,1,201,ZA,Efisiensi,521211,A,0,A0,,0,0,1,0,266,Penggandaan,A,0,,0,,0,,0,,11,PAKET,1000000,11000000,A,11000000,B03,0,330000,0,0,0,0,0,0,0,0,0,10670000
403829,WA,2378,EBA,00,4,958,1,201,ZA,Efisiensi,521211,A,0,A0,,0,0,2,1,275,"Bahan cetak",A,0,,0,,0,,0,,1,PAKET,818000,818000,A,818000,B03,0,24540,0,0,0,0,0,0,0,0,0,793460
403829,WA,2378,EBA,00,4,958,1,201,DA,"Pelayanan Publik dan Kehumasan",524111,A,0,A0,,1,0,1,0,215,"DKI Jakarta",A,0,,0,,0,,0,,0,,0,0,,0,B03,0,0,0,0,0,0,0,0,0,0,0,0
403829,WA,2378,EBA,00,4,958,1,201,DA,"Pelayanan Publik dan Kehumasan",524111,A,0,A0,,0,0,2,1,216,"Uang Harian",A,0,,0,,0,,0,,1,OK,450000,450000,,0,B03,0,13500,0,0,0,0,0,0,0,0,0,436500
403829,WA,2378,EBA,00,4,958,1,201,ZA,Efisiensi,524111,A,0,A0,,0,0,1,0,272,"Uang Harian",A,0,,0,,0,,0,,4,OK,683000,2732000,A,2732000,B03,0,81960,0,0,0,0,0,0,0,0,0,2650040
403829,WA,2378,EBA,00,4,962,1,201,ZA,Efisiensi,521211,A,0,A0,,0,0,1,0,273,Penggandaan,A,0,,0,,0,,0,,2,PAKET,1260000,2520000,A,2520000,B03,0,75600,110124,220248,220248,220248,220248,220248,220248,220248,220248,572292
403829,WA,2378,EBA,00,4,962,1,201,DA,"Pelayanan Tata Usaha dan Kerumahtanggaan",524111,A,0,A0,,1,0,1,0,208,"DKI Jakarta",A,0,,0,,0,,0,,0,,0,0,,0,B03,0,0,0,0,0,0,0,0,0,0,0,0
403829,WA,2378,EBA,00,4,962,1,201,DA,"Pelayanan Tata Usaha dan Kerumahtanggaan",524111,A,0,A0,,0,0,2,1,209,"Uang Harian",A,0,,0,,0,,0,,2,OK,300000,600000,,0,B03,0,18000,26220,52440,52440,52440,52440,52440,52440,52440,52440,136260
403829,WA,2378,EBA,00,4,962,1,201,DB,"Operasional Pimpinan",524111,A,0,A0,,1,0,1,0,211,"DKI Jakarta",A,0,,0,,0,,0,,0,,0,0,,0,B03,0,0,0,0,0,0,0,0,0,0,0,0
403829,WA,2378,EBA,00,4,962,1,201,DB,"Operasional Pimpinan",524111,A,0,A0,,0,0,2,1,212,"Uang Harian",A,0,,0,,0,,0,,30,OK,530000,15900000,,0,B03,0,477000,694830,1389660,1389660,1389660,1389660,1389660,1389660,1389660,1389660,3610890
403829,WA,2378,EBA,00,4,962,1,201,DB,"Operasional Pimpinan",524111,A,0,A0,,0,0,3,2,213,"Biaya Transportasi",A,0,,0,,0,,0,,4,OK,245000,980000,,0,B03,0,29400,42826,85652,85652,85652,85652,85652,85652,85652,85652,222558
403829,WA,2378,EBA,00,4,994,1,001,DA,"Pembayaran Gaji dan Tunjangan PNS",511111,A,0,A0,,0,0,1,0,20,"Belanja Gaji Pokok PNS",A,0,,0,,0,,0,,12,BULAN,204900000,2458800000,,0,B03,84941864,182035353,248230027,182035353,182035353,182035353,182035353,182035353,182035353,182035353,182035353,487309932
403829,WA,2378,EBA,00,4,994,1,001,DA,"Pembayaran Gaji dan Tunjangan PNS",511111,A,0,A0,,0,0,2,1,21,"Belanja Gaji Pokok PNS (Ke-13)",A,0,,0,,0,,0,,1,BULAN,204900000,204900000,,0,B03,7078489,15169613,20685836,15169613,15169613,15169613,15169613,15169613,15169613,15169613,15169613,40609158
403829,WA,2378,EBA,00,4,994,1,001,DA,"Pembayaran Gaji dan Tunjangan PNS",511111,A,0,A0,,0,0,3,2,22,"Belanja Gaji Pokok PNS (Ke-14)",A,0,,0,,0,,0,,1,BULAN,206638000,206638000,,0,B03,7138530,15298284,20861297,15298284,15298284,15298284,15298284,15298284,15298284,15298284,15298284,40953617
403829,WA,2378,EBA,00,4,994,1,001,DC,"Pembayaran Gaji dan Tunjangan Penyuluh PNS",511111,A,0,A0,,0,0,1,0,75,"Belanja Gaji Pokok PNS",A,0,,0,,0,,0,,12,BULAN,889991000,10679892000,,0,B03,368948242,790677529,1078196631,790677529,790677529,790677529,790677529,790677529,790677529,790677529,790677529,2116649366
403829,WA,2378,EBA,00,4,994,1,001,DC,"Pembayaran Gaji dan Tunjangan Penyuluh PNS",511111,A,0,A0,,0,0,2,1,76,"Belanja Gaji Pokok PNS (Ke-13)",A,0,,0,,0,,0,,1,BULAN,1300000000,1300000000,,0,B03,44909884,96244493,131242490,96244493,96244493,96244493,96244493,96244493,96244493,96244493,96244493,257647189
403829,WA,2378,EBA,00,4,994,1,001,DC,"Pembayaran Gaji dan Tunjangan Penyuluh PNS",511111,A,0,A0,,0,0,3,2,77,"Belanja Gaji Pokok PNS (Ke-14)",A,0,,0,,0,,0,,1,BULAN,1300013000,1300013000,,0,B03,44910333,96245455,131243803,96245455,96245455,96245455,96245455,96245455,96245455,96245455,96245455,257649769
403829,WA,2378,EBA,00,4,994,1,001,DA,"Pembayaran Gaji dan Tunjangan PNS",511119,A,0,A0,,0,0,1,0,23,"Belanja Pembulatan Gaji PNS",A,0,,0,,0,,0,,12,BULAN,1000,12000,,0,B03,415,888,1211,888,888,888,888,888,888,888,888,2382
403829,WA,2378,EBA,00,4,994,1,001,DA,"Pembayaran Gaji dan Tunjangan PNS",511119,A,0,A0,,0,0,2,1,24,"Belanja Pembulatan Gaji PNS (Ke-13)",A,0,,0,,0,,0,,1,BULAN,1000,1000,,0,B03,35,74,101,74,74,74,74,74,74,74,74,198
403829,WA,2378,EBA,00,4,994,1,001,DA,"Pembayaran Gaji dan Tunjangan PNS",511119,A,0,A0,,0,0,3,2,25,"Belanja Pembulatan Gaji PNS (Ke-14)",A,0,,0,,0,,0,,1,BULAN,1000,1000,,0,B03,35,74,101,74,74,74,74,74,74,74,74,198
403829,WA,2378,EBA,00,4,994,1,001,DC,"Pembayaran Gaji dan Tunjangan Penyuluh PNS",511119,A,0,A0,,0,0,1,0,78,"Belanja Pembulatan Gaji PNS",A,0,,0,,0,,0,,12,BULAN,15000,180000,,0,B03,6218,13326,18172,13326,13326,13326,13326,13326,13326,13326,13326,35676
403829,WA,2378,EBA,00,4,994,1,001,DC,"Pembayaran Gaji dan Tunjangan Penyuluh PNS",511119,A,0,A0,,0,0,2,1,79,"Belanja Pembulatan Gaji PNS (Ke-13)",A,0,,0,,0,,0,,1,BULAN,15000,15000,,0,B03,518,1111,1514,1111,1111,1111,1111,1111,1111,1111,1111,2969
403829,WA,2378,EBA,00,4,994,1,001,DC,"Pembayaran Gaji dan Tunjangan Penyuluh PNS",511119,A,0,A0,,0,0,3,2,80,"Belanja Pembulatan Gaji PNS (Ke-14)",A,0,,0,,0,,0,,1,BULAN,15000,15000,,0,B03,518,1111,1514,1111,1111,1111,1111,1111,1111,1111,1111,2969
403829,WA,2378,EBA,00,4,994,1,001,DA,"Pembayaran Gaji dan Tunjangan PNS",511121,A,0,A0,,0,0,1,0,26,"Belanja Tunj. Suami/Istri PNS",A,0,,0,,0,,0,,12,BULAN,13000000,156000000,,0,B03,5389186,11549339,15749099,11549339,11549339,11549339,11549339,11549339,11549339,11549339,11549339,30917664
403829,WA,2378,EBA,00,4,994,1,001,DA,"Pembayaran Gaji dan Tunjangan PNS",511121,A,0,A0,,0,0,2,1,27,"Belanja Tunj. Suami/Istri PNS (Ke-13)",A,0,,0,,0,,0,,1,BULAN,13000000,13000000,,0,B03,449099,962445,1312425,962445,962445,962445,962445,962445,962445,962445,962445,2576471
403829,WA,2378,EBA,00,4,994,1,001,DA,"Pembayaran Gaji dan Tunjangan PNS",511121,A,0,A0,,0,0,3,2,28,"Belanja Tunj. Suami/Istri PNS (Ke-14)",A,0,,0,,0,,0,,1,BULAN,13000000,13000000,,0,B03,449099,962445,1312425,962445,962445,962445,962445,962445,962445,962445,962445,2576471
403829,WA,2378,EBA,00,4,994,1,001,DC,"Pembayaran Gaji dan Tunjangan Penyuluh PNS",511121,A,0,A0,,0,0,1,0,81,"Belanja Tunj. Suami/Istri PNS",A,0,,0,,0,,0,,12,BULAN,98000000,1176000000,,0,B03,40626172,87064249,118723976,87064249,87064249,87064249,87064249,87064249,87064249,87064249,87064249,233071611
403829,WA,2378,EBA,00,4,994,1,001,DC,"Pembayaran Gaji dan Tunjangan Penyuluh PNS",511121,A,0,A0,,0,0,2,1,82,"Belanja Tunj. Suami/Istri PNS (Ke-13)",A,0,,0,,0,,0,,1,BULAN,98000000,98000000,,0,B03,3385514,7255354,9893665,7255354,7255354,7255354,7255354,7255354,7255354,7255354,7255354,19422635
403829,WA,2378,EBA,00,4,994,1,001,DC,"Pembayaran Gaji dan Tunjangan Penyuluh PNS",511121,A,0,A0,,0,0,3,2,83,"Belanja Tunj. Suami/Istri PNS (Ke-14)",A,0,,0,,0,,0,,1,BULAN,98000000,98000000,,0,B03,3385514,7255354,9893665,7255354,7255354,7255354,7255354,7255354,7255354,7255354,7255354,19422635
403829,WA,2378,EBA,00,4,994,1,001,DA,"Pembayaran Gaji dan Tunjangan PNS",511122,A,0,A0,,0,0,1,0,29,"Belanja Tunj. Anak PNS",A,0,,0,,0,,0,,12,BULAN,4000000,48000000,,0,B03,1658211,3553643,4845877,3553643,3553643,3553643,3553643,3553643,3553643,3553643,3553643,9513125
403829,WA,2378,EBA,00,4,994,1,001,DA,"Pembayaran Gaji dan Tunjangan PNS",511122,A,0,A0,,0,0,2,1,30,"Belanja Tunj. Anak PNS (Ke-13)",A,0,,0,,0,,0,,1,BULAN,4000000,4000000,,0,B03,138184,296137,403823,296137,296137,296137,296137,296137,296137,296137,296137,792760
403829,WA,2378,EBA,00,4,994,1,001,DA,"Pembayaran Gaji dan Tunjangan PNS",511122,A,0,A0,,0,0,3,2,31,"Belanja Tunj. Anak PNS (Ke-14)",A,0,,0,,0,,0,,1,BULAN,4000000,4000000,,0,B03,138184,296137,403823,296137,296137,296137,296137,296137,296137,296137,296137,792760
403829,WA,2378,EBA,00,4,994,1,001,DC,"Pembayaran Gaji dan Tunjangan Penyuluh PNS",511122,A,0,A0,,0,0,1,0,84,"Belanja Tunj. Anak PNS",A,0,,0,,0,,0,,12,BULAN,31000000,372000000,,0,B03,12851136,27540732,37555543,27540732,27540732,27540732,27540732,27540732,27540732,27540732,27540732,73726733
403829,WA,2378,EBA,00,4,994,1,001,DC,"Pembayaran Gaji dan Tunjangan Penyuluh PNS",511122,A,0,A0,,0,0,2,1,85,"Belanja Tunj. Anak PNS (Ke-13)",A,0,,0,,0,,0,,1,BULAN,31000000,31000000,,0,B03,1070928,2295061,3129629,2295061,2295061,2295061,2295061,2295061,2295061,2295061,2295061,6143894
403829,WA,2378,EBA,00,4,994,1,001,DC,"Pembayaran Gaji dan Tunjangan Penyuluh PNS",511122,A,0,A0,,0,0,3,2,86,"Belanja Tunj. Anak PNS (Ke-14)",A,0,,0,,0,,0,,1,BULAN,31000000,31000000,,0,B03,1070928,2295061,3129629,2295061,2295061,2295061,2295061,2295061,2295061,2295061,2295061,6143894
403829,WA,2378,EBA,00,4,994,1,001,DA,"Pembayaran Gaji dan Tunjangan PNS",511123,A,0,A0,,0,0,1,0,32,"Belanja Tunj. Struktural PNS",A,0,,0,,0,,0,,12,BULAN,1800000,21600000,,0,B03,746195,1599139,2180644,1599139,1599139,1599139,1599139,1599139,1599139,1599139,1599139,4280910
403829,WA,2378,EBA,00,4,994,1,001,DA,"Pembayaran Gaji dan Tunjangan PNS",511123,A,0,A0,,0,0,2,1,33,"Belanja Tunj. Struktural PNS (Ke-13)",A,0,,0,,0,,0,,1,BULAN,1800000,1800000,,0,B03,62183,133262,181720,133262,133262,133262,133262,133262,133262,133262,133262,356739
403829,WA,2378,EBA,00,4,994,1,001,DA,"Pembayaran Gaji dan Tunjangan PNS",511123,A,0,A0,,0,0,3,2,34,"Belanja Tunj. Struktural PNS (Ke-14)",A,0,,0,,0,,0,,1,BULAN,1800000,1800000,,0,B03,62183,133262,181720,133262,133262,133262,133262,133262,133262,133262,133262,356739
403829,WA,2378,EBA,00,4,994,1,001,DA,"Pembayaran Gaji dan Tunjangan PNS",511124,A,0,A0,,0,0,1,0,35,"Belanja Tunj. Fungsional PNS",A,0,,0,,0,,0,,12,BULAN,10000000,120000000,,0,B03,4145528,8884107,12114691,8884107,8884107,8884107,8884107,8884107,8884107,8884107,8884107,23782818
403829,WA,2378,EBA,00,4,994,1,001,DA,"Pembayaran Gaji dan Tunjangan PNS",511124,A,0,A0,,0,0,2,1,36,"Belanja Tunj. Fungsional PNS (Ke-13)",A,0,,0,,0,,0,,1,BULAN,10000000,10000000,,0,B03,345461,740342,1009558,740342,740342,740342,740342,740342,740342,740342,740342,1981903
403829,WA,2378,EBA,00,4,994,1,001,DA,"Pembayaran Gaji dan Tunjangan PNS",511124,A,0,A0,,0,0,3,2,37,"Belanja Tunj. Fungsional PNS (Ke-14)",A,0,,0,,0,,0,,1,BULAN,10000000,10000000,,0,B03,345461,740342,1009558,740342,740342,740342,740342,740342,740342,740342,740342,1981903
403829,WA,2378,EBA,00,4,994,1,001,DC,"Pembayaran Gaji dan Tunjangan Penyuluh PNS",511124,A,0,A0,,0,0,1,0,87,"Belanja Tunj. Fungsional PNS",A,0,,0,,0,,0,,12,BULAN,275000000,3300000000,,0,B03,114002014,244312943,333154013,244312943,244312943,244312943,244312943,244312943,244312943,244312943,244312943,654027486
403829,WA,2378,EBA,00,4,994,1,001,DC,"Pembayaran Gaji dan Tunjangan Penyuluh PNS",511124,A,0,A0,,0,0,2,1,88,"Belanja Tunj. Fungsional PNS (Ke-13)",A,0,,0,,0,,0,,1,BULAN,275000000,275000000,,0,B03,9500168,20359412,27762834,20359412,20359412,20359412,20359412,20359412,20359412,20359412,20359412,54502290
403829,WA,2378,EBA,00,4,994,1,001,DC,"Pembayaran Gaji dan Tunjangan Penyuluh PNS",511124,A,0,A0,,0,0,3,2,89,"Belanja Tunj. Fungsional PNS (Ke-14)",A,0,,0,,0,,0,,1,BULAN,275000000,275000000,,0,B03,9500168,20359412,27762834,20359412,20359412,20359412,20359412,20359412,20359412,20359412,20359412,54502290
403829,WA,2378,EBA,00,4,994,1,001,DA,"Pembayaran Gaji dan Tunjangan PNS",511125,A,0,A0,,0,0,1,0,38,"Belanja Tunj. PPh PNS",A,0,,0,,0,,0,,12,BULAN,200000,2400000,,0,B03,82911,177682,242294,177682,177682,177682,177682,177682,177682,177682,177682,475657
403829,WA,2378,EBA,00,4,994,1,001,DA,"Pembayaran Gaji dan Tunjangan PNS",511125,A,0,A0,,0,0,2,1,39,"Belanja Tunj. PPh PNS (Ke-13)",A,0,,0,,0,,0,,1,BULAN,2000000,2000000,,0,B03,69092,148068,201912,148068,148068,148068,148068,148068,148068,148068,148068,396384
403829,WA,2378,EBA,00,4,994,1,001,DA,"Pembayaran Gaji dan Tunjangan PNS",511125,A,0,A0,,0,0,3,2,40,"Belanja Tunj. PPh PNS (Ke-14)",A,0,,0,,0,,0,,1,BULAN,2000000,2000000,,0,B03,69092,148068,201912,148068,148068,148068,148068,148068,148068,148068,148068,396384
403829,WA,2378,EBA,00,4,994,1,001,DC,"Pembayaran Gaji dan Tunjangan Penyuluh PNS",511125,A,0,A0,,0,0,1,0,90,"Belanja Tunj. PPh PNS",A,0,,0,,0,,0,,12,BULAN,5000000,60000000,,0,B03,2072764,4442054,6057346,4442054,4442054,4442054,4442054,4442054,4442054,4442054,4442054,11891404
403829,WA,2378,EBA,00,4,994,1,001,DC,"Pembayaran Gaji dan Tunjangan Penyuluh PNS",511125,A,0,A0,,0,0,2,1,91,"Belanja Tunj. PPh PNS (Ke-13)",A,0,,0,,0,,0,,1,BULAN,30000000,30000000,,0,B03,1036382,2221027,3028673,2221027,2221027,2221027,2221027,2221027,2221027,2221027,2221027,5945702
403829,WA,2378,EBA,00,4,994,1,001,DC,"Pembayaran Gaji dan Tunjangan Penyuluh PNS",511125,A,0,A0,,0,0,3,2,92,"Belanja Tunj. PPh PNS (Ke-14)",A,0,,0,,0,,0,,1,BULAN,30000000,30000000,,0,B03,1036382,2221027,3028673,2221027,2221027,2221027,2221027,2221027,2221027,2221027,2221027,5945702
403829,WA,2378,EBA,00,4,994,1,001,DA,"Pembayaran Gaji dan Tunjangan PNS",511126,A,0,A0,,0,0,1,0,41,"Belanja Tunj. Beras PNS",A,0,,0,,0,,0,,12,BULAN,9000000,108000000,,0,B03,3730975,7995696,10903222,7995696,7995696,7995696,7995696,7995696,7995696,7995696,7995696,21404539
403829,WA,2378,EBA,00,4,994,1,001,DA,"Pembayaran Gaji dan Tunjangan PNS",511126,A,0,A0,,0,0,2,1,42,"Belanja Tunj. Beras PNS (Ke-13)",A,0,,0,,0,,0,,1,BULAN,9000000,9000000,,0,B03,310915,666308,908602,666308,666308,666308,666308,666308,666308,666308,666308,1783711
403829,WA,2378,EBA,00,4,994,1,001,DA,"Pembayaran Gaji dan Tunjangan PNS",511126,A,0,A0,,0,0,3,2,43,"Belanja Tunj. Beras PNS (Ke-14)",A,0,,0,,0,,0,,1,BULAN,9000000,9000000,,0,B03,310915,666308,908602,666308,666308,666308,666308,666308,666308,666308,666308,1783711
403829,WA,2378,EBA,00,4,994,1,001,DC,"Pembayaran Gaji dan Tunjangan Penyuluh PNS",511126,A,0,A0,,0,0,1,0,93,"Belanja Tunj. Beras PNS",A,0,,0,,0,,0,,12,BULAN,70000000,840000000,,0,B03,29018695,62188749,84802840,62188749,62188749,62188749,62188749,62188749,62188749,62188749,62188749,166479724
403829,WA,2378,EBA,00,4,994,1,001,DC,"Pembayaran Gaji dan Tunjangan Penyuluh PNS",511126,A,0,A0,,0,0,2,1,94,"Belanja Tunj. Beras PNS (Ke-13)",A,0,,0,,0,,0,,1,BULAN,70000000,70000000,,0,B03,2418225,5182396,7066903,5182396,5182396,5182396,5182396,5182396,5182396,5182396,5182396,13873308
403829,WA,2378,EBA,00,4,994,1,001,DC,"Pembayaran Gaji dan Tunjangan Penyuluh PNS",511126,A,0,A0,,0,0,3,2,95,"Belanja Tunj. Beras PNS (Ke-14)",A,0,,0,,0,,0,,1,BULAN,70000000,70000000,,0,B03,2418225,5182396,7066903,5182396,5182396,5182396,5182396,5182396,5182396,5182396,5182396,13873308
403829,WA,2378,EBA,00,4,994,1,001,DA,"Pembayaran Gaji dan Tunjangan PNS",511129,A,0,A0,,0,0,1,0,44,"Uang Makan PNS Gol I dan II",A,4,ORG,18,HARI,12,BLN,0,,864,OH,35000,30240000,,0,B03,1044673,2238795,3052902,2238795,2238795,2238795,2238795,2238795,2238795,2238795,2238795,5993270
403829,WA,2378,EBA,00,4,994,1,001,DA,"Pembayaran Gaji dan Tunjangan PNS",511129,A,0,A0,,0,0,2,1,45,"Uang Makan PNS Gol III",A,31,ORG,18,HARI,12,BLN,0,,6696,OH,37000,247752000,,0,B03,8558857,18342127,25011992,18342127,18342127,18342127,18342127,18342127,18342127,18342127,18342127,49102008
403829,WA,2378,EBA,00,4,994,1,001,DA,"Pembayaran Gaji dan Tunjangan PNS",511129,A,0,A0,,0,0,3,2,46,"Uang Makan PNS Gol IV",A,4,ORG,18,HARI,12,BLN,0,,864,OH,41000,35424000,,0,B03,1223760,2622588,3576257,2622588,2622588,2622588,2622588,2622588,2622588,2622588,2622588,7020691
403829,WA,2378,EBA,00,4,994,1,001,DC,"Pembayaran Gaji dan Tunjangan Penyuluh PNS",511129,A,0,A0,,0,0,1,0,96,"Uang Makan PNS Gol I dan II",A,34,ORG,18,HARI,12,BLN,0,,7344,OH,35000,257040000,,0,B03,8879721,19029757,25949669,19029757,19029757,19029757,19029757,19029757,19029757,19029757,19029757,50942797
403829,WA,2378,EBA,00,4,994,1,001,DC,"Pembayaran Gaji dan Tunjangan Penyuluh PNS",511129,A,0,A0,,0,0,2,1,97,"Uang Makan PNS Gol III",A,226,ORG,18,HARI,12,BLN,0,,48816,OH,37000,1806192000,,0,B03,62396826,133720025,182345489,133720025,133720025,133720025,133720025,133720025,133720025,133720025,133720025,357969460
403829,WA,2378,EBA,00,4,994,1,001,DC,"Pembayaran Gaji dan Tunjangan Penyuluh PNS",511129,A,0,A0,,0,0,3,2,98,"Uang Makan PNS Gol IV",A,62,ORG,18,HARI,12,BLN,0,,13392,OH,41000,549072000,,0,B03,18968277,40650120,55431982,40650120,40650120,40650120,40650120,40650120,40650120,40650120,40650120,108820661
403829,WA,2378,EBA,00,4,994,1,001,DA,"Pembayaran Gaji dan Tunjangan PNS",511151,A,0,A0,,0,0,1,0,47,"Belanja Tunj. Umum PNS",A,0,,0,,0,,0,,1,BULAN,4500000,4500000,,0,B03,155457,333154,454301,333154,333154,333154,333154,333154,333154,333154,333154,891856
403829,WA,2378,EBA,00,4,994,1,001,DA,"Pembayaran Gaji dan Tunjangan PNS",511151,A,0,A0,,0,0,2,1,48,"Belanja Tunj. Umum PNS (Ke-13)",A,0,,0,,0,,0,,1,BULAN,4500000,4500000,,0,B03,155457,333154,454301,333154,333154,333154,333154,333154,333154,333154,333154,891856
403829,WA,2378,EBA,00,4,994,1,001,DA,"Pembayaran Gaji dan Tunjangan PNS",511151,A,0,A0,,0,0,3,2,49,"Belanja Tunj. Umum PNS (Ke-14)",A,0,,0,,0,,0,,1,BULAN,4500000,4500000,,0,B03,155457,333154,454301,333154,333154,333154,333154,333154,333154,333154,333154,891856
403829,WA,2378,EBA,00,4,994,1,001,DC,"Pembayaran Gaji dan Tunjangan Penyuluh PNS",511151,A,0,A0,,0,0,1,0,99,"Belanja Tunj. Umum PNS",A,0,,0,,0,,0,,1,BULAN,185000,185000,,0,B03,6391,13696,18677,13696,13696,13696,13696,13696,13696,13696,13696,36668
403829,WA,2378,EBA,00,4,994,1,001,DC,"Pembayaran Gaji dan Tunjangan Penyuluh PNS",511151,A,0,A0,,0,0,2,1,100,"Belanja Tunj. Umum PNS (Ke-13)",A,0,,0,,0,,0,,1,BULAN,185000,185000,,0,B03,6391,13696,18677,13696,13696,13696,13696,13696,13696,13696,13696,36668
403829,WA,2378,EBA,00,4,994,1,001,DC,"Pembayaran Gaji dan Tunjangan Penyuluh PNS",511151,A,0,A0,,0,0,3,2,101,"Belanja Tunj. Umum PNS (Ke-14)",A,0,,0,,0,,0,,1,BULAN,185000,185000,,0,B03,6391,13696,18677,13696,13696,13696,13696,13696,13696,13696,13696,36668
403829,WA,2378,EBA,00,4,994,1,001,DB,"Pembayaran Gaji dan Tunjangan PPPK",511611,A,0,A0,,0,0,1,0,53,"Belanja Gaji Pokok PPPK",A,0,,0,,0,,0,,12,BULAN,1000,12000,,0,B03,415,888,1211,888,888,888,888,888,888,888,888,2382
403829,WA,2378,EBA,00,4,994,1,001,DB,"Pembayaran Gaji dan Tunjangan PPPK",511611,A,0,A0,,0,0,2,1,54,"Belanja Gaji Pokok PPPK (Ke-13)",A,0,,0,,0,,0,,1,BULAN,1000,1000,,0,B03,35,74,101,74,74,74,74,74,74,74,74,198
403829,WA,2378,EBA,00,4,994,1,001,DB,"Pembayaran Gaji dan Tunjangan PPPK",511611,A,0,A0,,0,0,3,2,55,"Belanja Gaji Pokok PPPK (Ke-14)",A,0,,0,,0,,0,,1,BULAN,1000,1000,,0,B03,35,74,101,74,74,74,74,74,74,74,74,198
403829,WA,2378,EBA,00,4,994,1,001,DD,"Pembayaran Gaji dan Tunjangan Penyuluh PPPK",511611,A,0,A0,,0,0,1,0,105,"Belanja Gaji Pokok PPPK",A,0,,0,,0,,0,,12,BULAN,365000000,4380000000,,0,B03,151311764,324269906,442186236,324269906,324269906,324269906,324269906,324269906,324269906,324269906,324269906,868072846
403829,WA,2378,EBA,00,4,994,1,001,DD,"Pembayaran Gaji dan Tunjangan Penyuluh PPPK",511611,A,0,A0,,0,0,2,1,106,"Belanja Gaji Pokok PPPK (Ke-13)",A,0,,0,,0,,0,,1,BULAN,365000000,365000000,,0,B03,12609314,27022492,36848853,27022492,27022492,27022492,27022492,27022492,27022492,27022492,27022492,72339405
403829,WA,2378,EBA,00,4,994,1,001,DD,"Pembayaran Gaji dan Tunjangan Penyuluh PPPK",511611,A,0,A0,,0,0,3,2,107,"Belanja Gaji Pokok PPPK (Ke-14)",A,0,,0,,0,,0,,1,BULAN,365000000,365000000,,0,B03,12609314,27022492,36848853,27022492,27022492,27022492,27022492,27022492,27022492,27022492,27022492,72339405
403829,WA,2378,EBA,00,4,994,1,001,DB,"Pembayaran Gaji dan Tunjangan PPPK",511619,A,0,A0,,0,0,1,0,56,"Belanja Pembulatan Gaji PPPK",A,0,,0,,0,,0,,12,BULAN,1000,12000,,0,B03,415,888,1211,888,888,888,888,888,888,888,888,2382
403829,WA,2378,EBA,00,4,994,1,001,DB,"Pembayaran Gaji dan Tunjangan PPPK",511619,A,0,A0,,0,0,2,1,57,"Belanja Pembulatan Gaji PPPK (Ke-13)",A,0,,0,,0,,0,,1,BULAN,1000,1000,,0,B03,35,74,101,74,74,74,74,74,74,74,74,198
403829,WA,2378,EBA,00,4,994,1,001,DB,"Pembayaran Gaji dan Tunjangan PPPK",511619,A,0,A0,,0,0,3,2,58,"Belanja Pembulatan Gaji PPPK (Ke-14)",A,0,,0,,0,,0,,1,BULAN,1000,1000,,0,B03,35,74,101,74,74,74,74,74,74,74,74,198
403829,WA,2378,EBA,00,4,994,1,001,DD,"Pembayaran Gaji dan Tunjangan Penyuluh PPPK",511619,A,0,A0,,0,0,1,0,108,"Belanja Pembulatan Gaji PPPK",A,0,,0,,0,,0,,12,BULAN,2000,24000,,0,B03,829,1777,2423,1777,1777,1777,1777,1777,1777,1777,1777,4755
403829,WA,2378,EBA,00,4,994,1,001,DD,"Pembayaran Gaji dan Tunjangan Penyuluh PPPK",511619,A,0,A0,,0,0,2,1,109,"Belanja Pembulatan Gaji PPPK (Ke-13)",A,0,,0,,0,,0,,1,BULAN,2000,2000,,0,B03,69,148,202,148,148,148,148,148,148,148,148,397
403829,WA,2378,EBA,00,4,994,1,001,DD,"Pembayaran Gaji dan Tunjangan Penyuluh PPPK",511619,A,0,A0,,0,0,3,2,110,"Belanja Pembulatan Gaji PPPK (Ke-14)",A,0,,0,,0,,0,,1,BULAN,2000,2000,,0,B03,69,148,202,148,148,148,148,148,148,148,148,397
403829,WA,2378,EBA,00,4,994,1,001,DB,"Pembayaran Gaji dan Tunjangan PPPK",511621,A,0,A0,,0,0,1,0,59,"Belanja Tunjangan Suami/Istri PPPK",A,0,,0,,0,,0,,12,BULAN,1000,12000,,0,B03,415,888,1211,888,888,888,888,888,888,888,888,2382
403829,WA,2378,EBA,00,4,994,1,001,DB,"Pembayaran Gaji dan Tunjangan PPPK",511621,A,0,A0,,0,0,2,1,60,"Belanja Tunjangan Suami/Istri PPPK (Ke-13)",A,0,,0,,0,,0,,1,BULAN,1000,1000,,0,B03,35,74,101,74,74,74,74,74,74,74,74,198
403829,WA,2378,EBA,00,4,994,1,001,DB,"Pembayaran Gaji dan Tunjangan PPPK",511621,A,0,A0,,0,0,3,2,61,"Belanja Tunjangan Suami/Istri PPPK (Ke-14)",A,0,,0,,0,,0,,1,BULAN,1000,1000,,0,B03,35,74,101,74,74,74,74,74,74,74,74,198
403829,WA,2378,EBA,00,4,994,1,001,DD,"Pembayaran Gaji dan Tunjangan Penyuluh PPPK",511621,A,0,A0,,0,0,1,0,111,"Belanja Tunjangan Suami/Istri PPPK",A,0,,0,,0,,0,,12,BULAN,24000000,288000000,,0,B03,9949267,21321857,29075259,21321857,21321857,21321857,21321857,21321857,21321857,21321857,21321857,57078761
403829,WA,2378,EBA,00,4,994,1,001,DD,"Pembayaran Gaji dan Tunjangan Penyuluh PPPK",511621,A,0,A0,,0,0,2,1,112,"Belanja Tunjangan Suami/Istri PPPK (Ke-13)",A,0,,0,,0,,0,,1,BULAN,24000000,24000000,,0,B03,829106,1776821,2422938,1776821,1776821,1776821,1776821,1776821,1776821,1776821,1776821,4756567
403829,WA,2378,EBA,00,4,994,1,001,DD,"Pembayaran Gaji dan Tunjangan Penyuluh PPPK",511621,A,0,A0,,0,0,3,2,113,"Belanja Tunjangan Suami/Istri PPPK (Ke-14)",A,0,,0,,0,,0,,1,BULAN,24000000,24000000,,0,B03,829106,1776821,2422938,1776821,1776821,1776821,1776821,1776821,1776821,1776821,1776821,4756567
403829,WA,2378,EBA,00,4,994,1,001,DB,"Pembayaran Gaji dan Tunjangan PPPK",511622,A,0,A0,,0,0,1,0,62,"Belanja Tunjangan Anak PPPK",A,0,,0,,0,,0,,12,BULAN,1000,12000,,0,B03,415,888,1211,888,888,888,888,888,888,888,888,2382
403829,WA,2378,EBA,00,4,994,1,001,DB,"Pembayaran Gaji dan Tunjangan PPPK",511622,A,0,A0,,0,0,2,1,63,"Belanja Tunjangan Anak PPPK (Ke-13)",A,0,,0,,0,,0,,1,BULAN,1000,1000,,0,B03,35,74,101,74,74,74,74,74,74,74,74,198
403829,WA,2378,EBA,00,4,994,1,001,DB,"Pembayaran Gaji dan Tunjangan PPPK",511622,A,0,A0,,0,0,3,2,64,"Belanja Tunjangan Anak PPPK (Ke-14)",A,0,,0,,0,,0,,1,BULAN,1000,1000,,0,B03,35,74,101,74,74,74,74,74,74,74,74,198
403829,WA,2378,EBA,00,4,994,1,001,DD,"Pembayaran Gaji dan Tunjangan Penyuluh PPPK",511622,A,0,A0,,0,0,1,0,114,"Belanja Tunjangan Anak PPPK",A,0,,0,,0,,0,,12,BULAN,7500000,90000000,,0,B03,3109146,6663080,9086019,6663080,6663080,6663080,6663080,6663080,6663080,6663080,6663080,17837115
403829,WA,2378,EBA,00,4,994,1,001,DD,"Pembayaran Gaji dan Tunjangan Penyuluh PPPK",511622,A,0,A0,,0,0,2,1,115,"Belanja Tunjangan Anak PPPK (Ke-13)",A,0,,0,,0,,0,,1,BULAN,7500000,7500000,,0,B03,259095,555257,757168,555257,555257,555257,555257,555257,555257,555257,555257,1486424
403829,WA,2378,EBA,00,4,994,1,001,DD,"Pembayaran Gaji dan Tunjangan Penyuluh PPPK",511622,A,0,A0,,0,0,3,2,116,"Belanja Tunjangan Anak PPPK (Ke-14)",A,0,,0,,0,,0,,1,BULAN,7500000,7500000,,0,B03,259095,555257,757168,555257,555257,555257,555257,555257,555257,555257,555257,1486424
403829,WA,2378,EBA,00,4,994,1,001,DB,"Pembayaran Gaji dan Tunjangan PPPK",511624,A,0,A0,,0,0,1,0,65,"Belanja Tunjangan Fungsional PPPK",A,0,,0,,0,,0,,12,BULAN,1000,12000,,0,B03,415,888,1211,888,888,888,888,888,888,888,888,2382
403829,WA,2378,EBA,00,4,994,1,001,DB,"Pembayaran Gaji dan Tunjangan PPPK",511624,A,0,A0,,0,0,2,1,66,"Belanja Tunjangan Fungsional PPPK (Ke-13)",A,0,,0,,0,,0,,1,BULAN,1000,1000,,0,B03,35,74,101,74,74,74,74,74,74,74,74,198
403829,WA,2378,EBA,00,4,994,1,001,DB,"Pembayaran Gaji dan Tunjangan PPPK",511624,A,0,A0,,0,0,3,2,67,"Belanja Tunjangan Fungsional PPPK (Ke-14)",A,0,,0,,0,,0,,1,BULAN,1000,1000,,0,B03,35,74,101,74,74,74,74,74,74,74,74,198
403829,WA,2378,EBA,00,4,994,1,001,DD,"Pembayaran Gaji dan Tunjangan Penyuluh PPPK",511624,A,0,A0,,0,0,1,0,117,"Belanja Tunjangan Fungsional PPPK",A,0,,0,,0,,0,,12,BULAN,60000000,720000000,,0,B03,24873167,53304642,72688148,53304642,53304642,53304642,53304642,53304642,53304642,53304642,53304642,142696907
403829,WA,2378,EBA,00,4,994,1,001,DD,"Pembayaran Gaji dan Tunjangan Penyuluh PPPK",511624,A,0,A0,,0,0,2,1,118,"Belanja Tunjangan Fungsional PPPK (Ke-13)",A,0,,0,,0,,0,,1,BULAN,60000000,60000000,,0,B03,2072764,4442054,6057346,4442054,4442054,4442054,4442054,4442054,4442054,4442054,4442054,11891404
403829,WA,2378,EBA,00,4,994,1,001,DD,"Pembayaran Gaji dan Tunjangan Penyuluh PPPK",511624,A,0,A0,,0,0,3,2,119,"Belanja Tunjangan Fungsional PPPK (Ke-14)",A,0,,0,,0,,0,,1,BULAN,60000000,60000000,,0,B03,2072764,4442054,6057346,4442054,4442054,4442054,4442054,4442054,4442054,4442054,4442054,11891404
403829,WA,2378,EBA,00,4,994,1,001,DB,"Pembayaran Gaji dan Tunjangan PPPK",511625,A,0,A0,,0,0,1,0,68,"Belanja Tunjangan Beras PPPK",A,0,,0,,0,,0,,12,BULAN,1000,12000,,0,B03,415,888,1211,888,888,888,888,888,888,888,888,2382
403829,WA,2378,EBA,00,4,994,1,001,DB,"Pembayaran Gaji dan Tunjangan PPPK",511625,A,0,A0,,0,0,2,1,69,"Belanja Tunjangan Beras PPPK (Ke-13)",A,0,,0,,0,,0,,1,BULAN,1000,1000,,0,B03,35,74,101,74,74,74,74,74,74,74,74,198
403829,WA,2378,EBA,00,4,994,1,001,DB,"Pembayaran Gaji dan Tunjangan PPPK",511625,A,0,A0,,0,0,3,2,70,"Belanja Tunjangan Beras PPPK (Ke-14)",A,0,,0,,0,,0,,1,BULAN,1000,1000,,0,B03,35,74,101,74,74,74,74,74,74,74,74,198
403829,WA,2378,EBA,00,4,994,1,001,DD,"Pembayaran Gaji dan Tunjangan Penyuluh PPPK",511625,A,0,A0,,0,0,1,0,120,"Belanja Tunjangan Beras PPPK",A,0,,0,,0,,0,,12,BULAN,22000000,264000000,,0,B03,9120161,19545035,26652321,19545035,19545035,19545035,19545035,19545035,19545035,19545035,19545035,52322203
403829,WA,2378,EBA,00,4,994,1,001,DD,"Pembayaran Gaji dan Tunjangan Penyuluh PPPK",511625,A,0,A0,,0,0,2,1,121,"Belanja Tunjangan Beras PPPK (Ke-13)",A,0,,0,,0,,0,,1,BULAN,22000000,22000000,,0,B03,760013,1628753,2221027,1628753,1628753,1628753,1628753,1628753,1628753,1628753,1628753,4360183
403829,WA,2378,EBA,00,4,994,1,001,DD,"Pembayaran Gaji dan Tunjangan Penyuluh PPPK",511625,A,0,A0,,0,0,3,2,122,"Belanja Tunjangan Beras PPPK (Ke-14)",A,0,,0,,0,,0,,1,BULAN,22000000,22000000,,0,B03,760013,1628753,2221027,1628753,1628753,1628753,1628753,1628753,1628753,1628753,1628753,4360183
403829,WA,2378,EBA,00,4,994,1,001,DB,"Pembayaran Gaji dan Tunjangan PPPK",511628,A,0,A0,,0,0,1,0,71,"Uang Makan PPPK (Gol III)",A,1,ORG,1,HARI,1,BLN,0,,1,OH,37000,37000,,0,B03,1278,2739,3735,2739,2739,2739,2739,2739,2739,2739,2739,7336
403829,WA,2378,EBA,00,4,994,1,001,DD,"Pembayaran Gaji dan Tunjangan Penyuluh PPPK",511628,A,0,A0,,0,0,1,0,123,"Uang Makan PPPK (Gol II)",A,13,ORG,20,HARI,12,BLN,0,,3120,OH,35000,109200000,,0,B03,3772430,8084537,11024369,8084537,8084537,8084537,8084537,8084537,8084537,8084537,8084537,21642368
403829,WA,2378,EBA,00,4,994,1,001,DD,"Pembayaran Gaji dan Tunjangan Penyuluh PPPK",511628,A,0,A0,,0,0,2,1,124,"Uang Makan PPPK (Gol III)",A,102,ORG,20,HARI,12,BLN,0,,24480,OH,37000,905760000,,0,B03,31290444,67057240,91441691,67057240,67057240,67057240,67057240,67057240,67057240,67057240,67057240,179512705
403829,WA,2378,EBA,00,4,994,1,001,DA,"Pembayaran Gaji dan Tunjangan PNS",512411,A,0,A0,,0,0,1,0,50,"Belanja Tukin PNS",A,0,,0,,0,,0,,12,BULAN,191000000,2292000000,,0,B03,79179581,169686444,231390606,169686444,169686444,169686444,169686444,169686444,169686444,169686444,169686444,454251817
403829,WA,2378,EBA,00,4,994,1,001,DA,"Pembayaran Gaji dan Tunjangan PNS",512411,A,0,A0,,0,0,2,1,51,"Belanja Tukin PNS (Ke-13)",A,0,,0,,0,,0,,1,BULAN,191000000,191000000,,0,B03,6598298,14140537,19282550,14140537,14140537,14140537,14140537,14140537,14140537,14140537,14140537,37854319
403829,WA,2378,EBA,00,4,994,1,001,DA,"Pembayaran Gaji dan Tunjangan PNS",512411,A,0,A0,,0,0,3,2,52,"Belanja Tukin PNS (Ke-14)",A,0,,0,,0,,0,,1,BULAN,191000000,191000000,,0,B03,6598298,14140537,19282550,14140537,14140537,14140537,14140537,14140537,14140537,14140537,14140537,37854319
403829,WA,2378,EBA,00,4,994,1,001,DC,"Pembayaran Gaji dan Tunjangan Penyuluh PNS",512411,A,0,A0,,0,0,1,0,102,"Belanja Tukin PNS",A,0,,0,,0,,0,,12,BULAN,2160000000,25920000000,,0,B03,895434003,1918967115,2616773341,1918967115,1918967115,1918967115,1918967115,1918967115,1918967115,1918967115,1918967115,5137088621
403829,WA,2378,EBA,00,4,994,1,001,DC,"Pembayaran Gaji dan Tunjangan Penyuluh PNS",512411,A,0,A0,,0,0,2,1,103,"Belanja Tukin PNS (Ke-13)",A,0,,0,,0,,0,,1,BULAN,2160000000,2160000000,,0,B03,74619500,159913926,218064445,159913926,159913926,159913926,159913926,159913926,159913926,159913926,159913926,428090721
403829,WA,2378,EBA,00,4,994,1,001,DC,"Pembayaran Gaji dan Tunjangan Penyuluh PNS",512411,A,0,A0,,0,0,3,2,104,"Belanja Tukin PNS (Ke-14)",A,0,,0,,0,,0,,1,BULAN,2160000000,2160000000,,0,B03,74619500,159913926,218064445,159913926,159913926,159913926,159913926,159913926,159913926,159913926,159913926,428090721
403829,WA,2378,EBA,00,4,994,1,001,DB,"Pembayaran Gaji dan Tunjangan PPPK",512414,A,0,A0,,0,0,1,0,72,"Tukin PPPK",A,0,,0,,0,,0,,12,BULAN,1000,12000,,0,B03,415,888,1211,888,888,888,888,888,888,888,888,2382
403829,WA,2378,EBA,00,4,994,1,001,DB,"Pembayaran Gaji dan Tunjangan PPPK",512414,A,0,A0,,0,0,2,1,73,"Tukin PPPK (Ke-13)",A,0,,0,,0,,0,,1,BULAN,1000,1000,,0,B03,35,74,101,74,74,74,74,74,74,74,74,198
403829,WA,2378,EBA,00,4,994,1,001,DB,"Pembayaran Gaji dan Tunjangan PPPK",512414,A,0,A0,,0,0,3,2,74,"Tukin PPPK (Ke-14)",A,0,,0,,0,,0,,1,BULAN,1000,1000,,0,B03,35,74,101,74,74,74,74,74,74,74,74,198
403829,WA,2378,EBA,00,4,994,1,001,DD,"Pembayaran Gaji dan Tunjangan Penyuluh PPPK",512414,A,0,A0,,0,0,1,0,125,"Tukin PPPK",A,0,,0,,0,,0,,12,BULAN,520000000,6240000000,,0,B03,215567445,461973565,629963953,461973565,461973565,461973565,461973565,461973565,461973565,461973565,461973565,1236706517
403829,WA,2378,EBA,00,4,994,1,001,DD,"Pembayaran Gaji dan Tunjangan Penyuluh PPPK",512414,A,0,A0,,0,0,2,1,126,"Tukin PPPK (Ke-13)",A,0,,0,,0,,0,,1,BULAN,520000000,520000000,,0,B03,17963954,38497797,52496996,38497797,38497797,38497797,38497797,38497797,38497797,38497797,38497797,103058877
403829,WA,2378,EBA,00,4,994,1,001,DD,"Pembayaran Gaji dan Tunjangan Penyuluh PPPK",512414,A,0,A0,,0,0,3,2,127,"Tukin PPPK (Ke-14)",A,0,,0,,0,,0,,1,BULAN,520000000,520000000,,0,B03,17963944,38497797,52496996,38497797,38497797,38497797,38497797,38497797,38497797,38497797,38497797,103058887
403829,WA,2378,EBA,00,4,994,1,002,DA,"Kebutuhan Sehari-hari Perkantoran",521111,A,0,A0,,1,0,1,0,128,"Honor dan BPJS Ketenagakerjaan PPNPN",A,0,,0,,0,,0,,0,,0,0,,0,B03,0,0,0,0,0,0,0,0,0,0,0,0
403829,WA,2378,EBA,00,4,994,1,002,DA,"Kebutuhan Sehari-hari Perkantoran",521111,A,0,A0,,0,0,2,1,129,"Honor Pramubakti",A,17,ORG,6,BLN,0,,0,,102,OB,3950000,402900000,,0,B03,3878567,9708472,19512173,9708472,9708472,9708472,9708472,9708472,9708472,9708472,9708472,292133012
403829,WA,2378,EBA,00,4,994,1,002,DA,"Kebutuhan Sehari-hari Perkantoran",521111,A,0,A0,,0,0,3,2,130,"Biaya BPJS Ketenagakerjaan PPNPN",A,0,,0,,0,,0,,1,TAHUN,2000000,2000000,,0,B03,19253,48193,96859,48193,48193,48193,48193,48193,48193,48193,48193,1450151
403829,WA,2378,EBA,00,4,994,1,002,DA,"Kebutuhan Sehari-hari Perkantoran",521111,A,0,A0,,1,0,4,3,131,"Keperluan Sehari-hari Kantor",A,0,,0,,0,,0,,0,,0,0,,0,B03,0,0,0,0,0,0,0,0,0,0,0,0
403829,WA,2378,EBA,00,4,994,1,002,DA,"Kebutuhan Sehari-hari Perkantoran",521111,A,0,A0,,0,0,5,4,132,"Keperluan Sehari-hari Perkantoran (Kantor Sempur dan Instalasi Cibalagung, Cijeruk, Depok)",A,0,,0,,0,,0,,65,OT,500000,32500000,,0,B03,312865,783136,1573953,783136,783136,783136,783136,783136,783136,783136,783136,23564958
403829,WA,2378,EBA,00,4,994,1,002,DD,"Pembayaran Terkait Pelaksanaan Operasional Kantor",521115,A,0,A0,,0,0,1,0,197,"Honorarium Pejabat Kuasa Pengguna Anggaran",A,1,ORG,12,BLN,0,,0,,12,OB,2550000,30600000,,0,B03,294575,737352,1481937,737352,737352,737352,737352,737352,737352,737352,737352,22187320
403829,WA,2378,EBA,00,4,994,1,002,DD,"Pembayaran Terkait Pelaksanaan Operasional Kantor",521115,A,0,A0,,0,0,2,1,198,"Honorarium Pejabat Pembuat Komitmen",A,1,ORG,12,BLN,0,,0,,12,OB,2480000,29760000,,0,B03,286488,717111,1441257,717111,717111,717111,717111,717111,717111,717111,717111,21578256
403829,WA,2378,EBA,00,4,994,1,002,DD,"Pembayaran Terkait Pelaksanaan Operasional Kantor",521115,A,0,A0,,0,0,3,2,199,"Honorarium Pejabat  Penguji Tagihan   Penandatangan  Spm",A,1,ORG,12,BLN,0,,0,,12,OB,1230000,14760000,,0,B03,142089,355664,714817,355664,355664,355664,355664,355664,355664,355664,355664,10702118
403829,WA,2378,EBA,00,4,994,1,002,DD,"Pembayaran Terkait Pelaksanaan Operasional Kantor",521115,A,0,A0,,0,0,4,3,200,"Honorarium Bendahara  Pengeluaran",A,1,ORG,12,BLN,0,,0,,12,OB,1070000,12840000,,0,B03,123606,309399,621832,309399,309399,309399,309399,309399,309399,309399,309399,9309971
403829,WA,2378,EBA,00,4,994,1,002,DD,"Pembayaran Terkait Pelaksanaan Operasional Kantor",521115,A,0,A0,,0,0,5,4,201,"Honorarium Staf  Pengelola",A,3,ORG,12,BLN,0,,0,,36,OB,800000,28800000,,0,B03,277247,693979,1394764,693979,693979,693979,693979,693979,693979,693979,693979,20882178
403829,WA,2378,EBA,00,4,994,1,002,DD,"Pembayaran Terkait Pelaksanaan Operasional Kantor",521115,A,0,A0,,0,0,6,5,202,"Honorarium Anggota/Petugas (UAKPA/Barang)",A,2,ORG,12,BLN,0,,0,,24,OB,150000,3600000,,0,B03,34656,86747,174346,86747,86747,86747,86747,86747,86747,86747,86747,2610275
403829,WA,2378,EBA,00,4,994,1,002,DD,"Pembayaran Terkait Pelaksanaan Operasional Kantor",521115,A,0,A0,,0,0,7,6,203,"Honorarium Pengurus/Penyimpan Bmn Tingkat Kuasa Pengguna Barang",A,2,ORG,12,BLN,0,,0,,24,OB,180000,4320000,,0,B03,41587,104097,209215,104097,104097,104097,104097,104097,104097,104097,104097,3132325
403829,WA,2378,EBA,00,4,994,1,002,DA,"Kebutuhan Sehari-hari Perkantoran",521119,A,0,A0,,0,0,1,0,133,"Biaya Tol",A,0,,0,,0,,0,,20,PAKET,100000,2000000,,0,B03,19253,48193,96859,48193,48193,48193,48193,48193,48193,48193,48193,1450151
403829,WA,2378,EBA,00,4,994,1,002,DA,"Kebutuhan Sehari-hari Perkantoran",521119,A,0,A0,,0,0,2,1,134,"Biaya Angkut Sampah",A,0,,0,,0,,0,,12,BULAN,1000000,12000000,,0,B03,115519,289158,581152,289158,289158,289158,289158,289158,289158,289158,289158,8700907
403829,WA,2378,EBA,00,4,994,1,002,DD,"Pembayaran Terkait Pelaksanaan Operasional Kantor",521119,A,0,A0,,0,0,1,0,243,"Pakaian Kerja PJLP",A,30,ORG,1,STELL,0,,0,,30,STELL,250000,7500000,,0,B03,72200,180724,363220,180724,180724,180724,180724,180724,180724,180724,180724,5438064
403829,WA,2378,EBA,00,4,994,1,002,DA,"Kebutuhan Sehari-hari Perkantoran",521211,A,0,A0,,0,0,1,0,135,"Jamuan Tamu/Delegasi",A,0,,0,,0,,0,,1,TAHUN,8624000,8624000,,0,B03,83020,207808,417654,207808,207808,207808,207808,207808,207808,207808,207808,6253054
403829,WA,2378,EBA,00,4,994,1,002,ZA,Efisiensi,521211,A,0,A0,,0,0,1,0,261,"Efisiensi Belanja Operasional",A,0,,0,,0,,0,,1,TAHUN,2824748000,2824748000,A,2824748000,B03,27192786,68066488,136800617,68066488,68066488,68066488,68066488,68066488,68066488,68066488,68066488,2048156205
403829,WA,2378,EBA,00,4,994,1,002,DA,"Kebutuhan Sehari-hari Perkantoran",521811,A,0,A0,,0,0,1,0,137,"Bahan Komputer",A,0,,0,,0,,0,,2,PAKET,1000000,2000000,,0,B03,19253,48193,96859,48193,48193,48193,48193,48193,48193,48193,48193,1450151
403829,WA,2378,EBA,00,4,994,1,002,DC,"Pemeliharaan Kantor",521811,A,0,A0,,0,0,1,0,149,"Pakan Induk Ikan Koleksi",A,0,,0,,0,,0,,10000,KG,10000,100000000,,0,B03,962662,2409648,4842932,2409648,2409648,2409648,2409648,2409648,2409648,2409648,2409648,72507574
403829,WA,2378,EBA,00,4,994,1,002,DB,"Langganan Daya dan Jasa",522111,A,0,A0,,0,0,1,0,145,"Langganan Listrik",A,0,,0,,0,,0,,12,BULAN,44000000,528000000,,0,B03,5082857,12722942,25570681,12722942,12722942,12722942,12722942,12722942,12722942,12722942,12722942,382839984
403829,WA,2378,EBA,00,4,994,1,002,DB,"Langganan Daya dan Jasa",522112,A,0,A0,,0,0,1,0,146,"Langganan Telepon",A,0,,0,,0,,0,,12,BULAN,400000,4800000,,0,B03,46208,115663,232461,115663,115663,115663,115663,115663,115663,115663,115663,3480364
403829,WA,2378,EBA,00,4,994,1,002,DB,"Langganan Daya dan Jasa",522113,A,0,A0,,0,0,1,0,147,"Langganan Air (PAM)",A,0,,0,,0,,0,,12,BULAN,2300000,27600000,,0,B03,265695,665063,1336649,665063,665063,665063,665063,665063,665063,665063,665063,20012089
403829,WA,2378,EBA,00,4,994,1,002,DB,"Langganan Daya dan Jasa",522119,A,0,A0,,0,0,1,0,148,"Langganan Internet",A,0,,0,,0,,0,,12,BULAN,10000000,120000000,,0,B03,1155195,2891578,5811518,2891578,2891578,2891578,2891578,2891578,2891578,2891578,2891578,87009085
403829,WA,2378,EBA,00,4,994,1,002,DB,"Langganan Daya dan Jasa",522119,A,0,A0,,0,0,2,1,240,"Langganan aplikasi perkantoran",A,0,,0,,0,,0,,1,TAHUN,25700000,25700000,,0,B03,247404,619280,1244634,619280,619280,619280,619280,619280,619280,619280,619280,18634442
403829,WA,2378,EBA,00,4,994,1,002,DA,"Kebutuhan Sehari-hari Perkantoran",522191,A,0,A0,,1,0,1,0,138,"Penyedia Jasa Lainnya Perorangan (PJLP)",A,0,,0,,0,,0,,0,,0,0,,0,B03,0,0,0,0,0,0,0,0,0,0,0,0
403829,WA,2378,EBA,00,4,994,1,002,DA,"Kebutuhan Sehari-hari Perkantoran",522191,A,0,A0,,0,0,2,1,139,"Biaya Outsourcing Perorangan Tenaga Kebersihan (9 ORG)",A,0,,0,,0,,0,,9,PAKET,60000000,540000000,,0,B03,5198377,13012100,26151832,13012100,13012100,13012100,13012100,13012100,13012100,13012100,13012100,391540891
403829,WA,2378,EBA,00,4,994,1,002,DA,"Kebutuhan Sehari-hari Perkantoran",522191,A,0,A0,,0,0,3,2,140,"Biaya Outsourcing Perorangan Pengemudi (2 ORG)",A,0,,0,,0,,0,,2,PAKET,61300000,122600000,,0,B03,1180224,2954229,5937435,2954229,2954229,2954229,2954229,2954229,2954229,2954229,2954229,88894280
403829,WA,2378,EBA,00,4,994,1,002,DA,"Kebutuhan Sehari-hari Perkantoran",522191,A,0,A0,,0,0,4,3,141,"Biaya Outsourcing Perorangan Petugas Kolam (3 ORG)",A,0,,0,,0,,0,,3,PAKET,60000000,180000000,,0,B03,1732792,4337367,8717277,4337367,4337367,4337367,4337367,4337367,4337367,4337367,4337367,130513628
403829,WA,2378,EBA,00,4,994,1,002,DA,"Kebutuhan Sehari-hari Perkantoran",522191,A,0,A0,,0,0,5,4,142,"Biaya Outsourcing Perorangan Petugas Layanan Informasi (1 ORG)",A,0,,0,,0,,0,,1,PAKET,60000000,60000000,,0,B03,577597,1445789,2905759,1445789,1445789,1445789,1445789,1445789,1445789,1445789,1445789,43504543
403829,WA,2378,EBA,00,4,994,1,002,DA,"Kebutuhan Sehari-hari Perkantoran",522191,A,0,A0,,1,0,6,5,143,"Outsorcing Satpam",A,0,,0,,0,,0,,0,,0,0,,0,B03,0,0,0,0,0,0,0,0,0,0,0,0
403829,WA,2378,EBA,00,4,994,1,002,DA,"Kebutuhan Sehari-hari Perkantoran",522191,A,0,A0,,0,0,7,6,144,"Biaya Outsourcing Satpam (24 ORG)",A,0,,0,,0,,0,,1,PAKET,2213838000,2213838000,,0,B03,21311785,53345707,107214668,53345707,53345707,53345707,53345707,53345707,53345707,53345707,53345707,1605200184
403829,WA,2378,EBA,00,4,994,1,002,DC,"Pemeliharaan Kantor",522191,A,0,A0,,0,0,1,0,242,"Jasa Penanganan Rayap",A,0,,0,,0,,0,,1,PAKET,25260000,25260000,,0,B03,243169,608677,1223325,608677,608677,608677,608677,608677,608677,608677,608677,18315413
403829,WA,2378,EBA,00,4,994,1,002,DC,"Pemeliharaan Kantor",523111,A,0,A0,,1,0,1,0,150,"Kantor Sempur",A,0,,0,,0,,0,,0,,0,0,,0,B03,0,0,0,0,0,0,0,0,0,0,0,0
403829,WA,2378,EBA,00,4,994,1,002,DC,"Pemeliharaan Kantor",523111,A,0,A0,,1,0,10,1,263,"Instalasi Cijeruk",A,0,,0,,0,,0,,0,,0,0,,0,B03,0,0,0,0,0,0,0,0,0,0,0,0
403829,WA,2378,EBA,00,4,994,1,002,DC,"Pemeliharaan Kantor",523111,A,0,A0,,0,0,11,2,264,"Pemeliharaan Kolam Cijeruk",A,0,,0,,0,,0,,414,M2,50000,20700000,,0,B03,199271,498797,1002487,498797,498797,498797,498797,498797,498797,498797,498797,15009069
403829,WA,2378,EBA,00,4,994,1,002,DC,"Pemeliharaan Kantor",523111,A,0,A0,,1,0,12,3,163,"Instalasi Depok",A,0,,0,,0,,0,,0,,0,0,,0,B03,0,0,0,0,0,0,0,0,0,0,0,0
403829,WA,2378,EBA,00,4,994,1,002,DC,"Pemeliharaan Kantor",523111,A,0,A0,,0,0,13,4,164,"Pemeliharaan Kantor Depok",A,0,,0,,0,,0,,28,M2,50000,1400000,,0,B03,13477,33735,67801,33735,33735,33735,33735,33735,33735,33735,33735,1015107
403829,WA,2378,EBA,00,4,994,1,002,DC,"Pemeliharaan Kantor",523111,A,0,A0,,0,0,14,5,165,"Pemeliharaan Gedung Laboratorium Depok",A,0,,0,,0,,0,,132,M2,50000,6600000,,0,B03,63536,159037,319634,159037,159037,159037,159037,159037,159037,159037,159037,4785497
403829,WA,2378,EBA,00,4,994,1,002,DC,"Pemeliharaan Kantor",523111,A,0,A0,,0,0,15,6,167,"Pemeliharaan Halaman Kantor Depok",A,0,,0,,0,,0,,1443,M2,10000,14430000,,0,B03,138912,347712,698835,347712,347712,347712,347712,347712,347712,347712,347712,10462845
403829,WA,2378,EBA,00,4,994,1,002,DC,"Pemeliharaan Kantor",523111,A,0,A0,,0,0,2,7,161,"Pemeliharaan Kantor Sempur",A,0,,0,,0,,0,,579,M2,100000,57900000,,0,B03,557382,1395186,2804058,1395186,1395186,1395186,1395186,1395186,1395186,1395186,1395186,41981886
403829,WA,2378,EBA,00,4,994,1,002,DC,"Pemeliharaan Kantor",523111,A,0,A0,,0,0,3,8,170,"Pemeliharaan Halaman Kantor Sempur",A,0,,0,,0,,0,,223,M2,5000,1115000,,0,B03,10734,26868,53999,26868,26868,26868,26868,26868,26868,26868,26868,808455
403829,WA,2378,EBA,00,4,994,1,002,DC,"Pemeliharaan Kantor",523111,A,0,A0,,1,0,4,9,156,"Instalasi Cibalagung",A,0,,0,,0,,0,,0,,0,0,,0,B03,0,0,0,0,0,0,0,0,0,0,0,0
403829,WA,2378,EBA,00,4,994,1,002,DC,"Pemeliharaan Kantor",523111,A,0,A0,,0,0,5,10,157,"Pemeliharaan Kantor Cibalagung",A,0,,0,,0,,0,,231,M2,50000,11550000,,0,B03,111188,278314,559359,278314,278314,278314,278314,278314,278314,278314,278314,8374627
403829,WA,2378,EBA,00,4,994,1,002,DC,"Pemeliharaan Kantor",523111,A,0,A0,,0,0,6,11,158,"Pemeliharaan Hatchery dan Laboratorium Cibalagung",A,0,,0,,0,,0,,215,M2,50000,10750000,,0,B03,103486,259037,520615,259037,259037,259037,259037,259037,259037,259037,259037,7794566
403829,WA,2378,EBA,00,4,994,1,002,DC,"Pemeliharaan Kantor",523111,A,0,A0,,0,0,7,12,159,"Pemeliharaan Kolam Cibalagung",A,0,,0,,0,,0,,419,M2,50000,20950000,,0,B03,201678,504821,1014594,504821,504821,504821,504821,504821,504821,504821,504821,15190339
403829,WA,2378,EBA,00,4,994,1,002,DC,"Pemeliharaan Kantor",523111,A,0,A0,,0,0,8,13,160,"Pemeliharaan Pagar Keliling Cibalagung",A,0,,0,,0,,0,,217,M2,10000,2170000,,0,B03,20890,52289,105092,52289,52289,52289,52289,52289,52289,52289,52289,1573417
403829,WA,2378,EBA,00,4,994,1,002,DC,"Pemeliharaan Kantor",523111,A,0,A0,,0,0,9,14,241,"Pemeliharaan Rumah Dinas Cibalagung",A,0,,0,,0,,0,,70,M2,50000,3500000,,0,B03,33693,84338,169503,84338,84338,84338,84338,84338,84338,84338,84338,2537762
403829,WA,2378,EBA,00,4,994,1,002,DC,"Pemeliharaan Kantor",523121,A,0,A0,,0,0,1,0,175,"Pemeliharaan AC Split",A,0,,0,,0,,0,,1,UNIT,535000,535000,,0,B03,5150,12892,25910,12892,12892,12892,12892,12892,12892,12892,12892,387912
403829,WA,2378,EBA,00,4,994,1,002,DC,"Pemeliharaan Kantor",523121,A,0,A0,,0,0,10,1,183,"Pemeliharaan Kendaraan Roda 4",A,0,,0,,0,,0,,2,UNIT,30000000,60000000,,0,B03,577597,1445789,2905759,1445789,1445789,1445789,1445789,1445789,1445789,1445789,1445789,43504543
403829,WA,2378,EBA,00,4,994,1,002,DC,"Pemeliharaan Kantor",523121,A,0,A0,,0,0,11,2,184,"Pemeliharaan Kendaraan Roda 2",A,0,,0,,0,,0,,1,UNIT,1000000,1000000,,0,B03,9627,24096,48429,24096,24096,24096,24096,24096,24096,24096,24096,725080
403829,WA,2378,EBA,00,4,994,1,002,DC,"Pemeliharaan Kantor",523121,A,0,A0,,0,0,2,3,185,"Pemeliharaan CCTV",A,0,,0,,0,,0,,1,UNIT,990000,990000,,0,B03,9530,23856,47945,23856,23856,23856,23856,23856,23856,23856,23856,717821
403829,WA,2378,EBA,00,4,994,1,002,DC,"Pemeliharaan Kantor",523121,A,0,A0,,0,0,3,4,186,"Pemeliharaan Genset 250 KVA",A,0,,0,,0,,0,,1,UNIT,1010000,1010000,,0,B03,9723,24337,48914,24337,24337,24337,24337,24337,24337,24337,24337,732330
403829,WA,2378,EBA,00,4,994,1,002,DC,"Pemeliharaan Kantor",523121,A,0,A0,,0,0,4,5,187,"Pemeliharaan Genset 40 KVA",A,0,,0,,0,,0,,1,UNIT,1050000,1050000,,0,B03,10108,25301,50851,25301,25301,25301,25301,25301,25301,25301,25301,761332
403829,WA,2378,EBA,00,4,994,1,002,DC,"Pemeliharaan Kantor",523121,A,0,A0,,0,0,5,6,190,"Pemeliharaan Mesin Potong Rumput",A,0,,0,,0,,0,,10,UNIT,500000,5000000,,0,B03,48133,120482,242147,120482,120482,120482,120482,120482,120482,120482,120482,3625382
403829,WA,2378,EBA,00,4,994,1,002,DC,"Pemeliharaan Kantor",523121,A,0,A0,,0,0,6,7,191,"Pemeliharaan Printer",A,0,,0,,0,,0,,1,UNIT,500000,500000,,0,B03,4813,12048,24215,12048,12048,12048,12048,12048,12048,12048,12048,362540
403829,WA,2378,EBA,00,4,994,1,002,DC,"Pemeliharaan Kantor",523121,A,0,A0,,0,0,7,8,192,"Pemeliharaan Komputer/PC",A,0,,0,,0,,0,,1,UNIT,500000,500000,,0,B03,4813,12048,24215,12048,12048,12048,12048,12048,12048,12048,12048,362540
403829,WA,2378,EBA,00,4,994,1,002,DC,"Pemeliharaan Kantor",523121,A,0,A0,,0,0,8,9,176,"Pemeliharaan Laptop",A,0,,0,,0,,0,,1,UNIT,500000,500000,,0,B03,4813,12048,24215,12048,12048,12048,12048,12048,12048,12048,12048,362540
403829,WA,2378,EBA,00,4,994,1,002,DC,"Pemeliharaan Kantor",523121,A,0,A0,,0,0,9,10,182,"Pemeliharaan Instalasi Listrik",A,0,,0,,0,,0,,1,TAHUN,12000000,12000000,,0,B03,115519,289158,581152,289158,289158,289158,289158,289158,289158,289158,289158,8700907
403829,WA,2378,EBA,00,4,994,1,002,DC,"Pemeliharaan Kantor",523132,A,0,A0,,0,0,1,0,195,"Pemeliharaan Talud Cijeruk",A,0,,0,,0,,0,,782,M2,50000,39100000,,0,B03,376401,942172,1893586,942172,942172,942172,942172,942172,942172,942172,942172,28350465
403829,WA,2378,EBC,00,1,954,1,101,ZA,Efisiensi,521211,A,0,A0,,0,0,1,0,254,Penggandaan,A,0,,0,,0,,0,,10,PAKET,1000000,10000000,A,10000000,B03,0,0,0,0,0,0,0,0,0,0,0,10000000
403829,WA,2378,EBD,00,4,952,1,201,ZA,Efisiensi,524111,A,0,A0,,0,0,1,0,274,"Uang Harian",A,0,,0,,0,,0,,20,OK,500000,10000000,A,10000000,B03,0,0,0,0,0,0,0,0,0,0,0,10000000
403829,WA,2378,EBD,00,4,953,1,201,ZA,Efisiensi,524111,A,0,A0,,0,0,1,0,267,"Uang Harian",A,0,,0,,0,,0,,30,OK,500000,15000000,A,15000000,B03,0,0,0,0,0,0,0,0,0,0,0,15000000
403829,WA,2378,EBD,00,4,955,1,201,DA,"Layanan Keuangan",524111,A,0,A0,,1,0,1,0,230,"DKI Jakarta",A,0,,0,,0,,0,,0,,0,0,,0,B03,0,0,0,0,0,0,0,0,0,0,0,0
403829,WA,2378,EBD,00,4,955,1,201,DA,"Layanan Keuangan",524111,A,0,A0,,0,0,2,1,231,"Uang Harian",A,0,,0,,0,,0,,2,OK,300000,600000,,0,B03,0,24000,0,0,0,0,0,0,0,0,0,576000
403829,WA,2378,EBD,00,4,955,1,201,ZA,Efisiensi,524111,A,0,A0,,0,0,1,0,268,"Uang Harian",A,0,,0,,0,,0,,36,OK,400000,14400000,A,14400000,B03,0,576000,0,0,0,0,0,0,0,0,0,13824000
403829,WA,2378,EBD,00,4,974,1,101,ZA,Efisiensi,524111,A,0,A0,,0,0,1,0,269,"Uang Harian",A,0,,0,,0,,0,,10,OK,500000,5000000,A,5000000,B03,0,0,0,0,0,0,0,0,0,0,0,5000000
403829,DL,7020,DCC,00,7,436,7,201,ZA,Efisiensi,521211,A,0,A0,,0,0,1,0,1,ATK,A,0,,0,,0,,0,,2,PAKET,500000,1000000,A,1000000,B03,0,0,0,0,0,0,0,0,0,0,0,1000000
403829,DL,7020,DCC,00,7,436,7,201,ZA,Efisiensi,521211,A,0,A0,,0,0,2,1,2,"Bahan Komputer",A,0,,0,,0,,0,,1,PAKET,1000000,1000000,A,1000000,B03,0,0,0,0,0,0,0,0,0,0,0,1000000
403829,DL,7020,DCC,00,7,436,7,201,ZA,Efisiensi,524111,A,0,A0,,0,0,1,0,270,"Uang Harian",A,0,,0,,0,,0,,10,OK,500000,5000000,A,5000000,B03,0,0,0,0,0,0,0,0,0,0,0,5000000
403829,DL,7020,QDD,00,5665,646,5665,202,ZA,Efisiensi,521211,A,0,A0,,0,0,1,0,11,Penggandaan,A,0,,0,,0,,0,,1,PAKET,606000,606000,A,606000,B03,0,71555,143215,71555,0,0,0,0,0,0,0,319675
403829,DL,7020,QDD,00,5665,646,5665,202,DB,"Pembayaran Honor dan BOP Penyuluh Perikanan Bantu (PPB)",521213,A,0,A0,,0,0,1,0,7,"Honor Penyuluh Non PNS (Sarjana Muda)",A,18,ORG,4,BLN,0,,0,,72,OB,2400000,172800000,,0,B03,0,20403683,40837556,20403683,0,0,0,0,0,0,0,91155078
403829,DL,7020,QDD,00,5665,646,5665,202,DB,"Pembayaran Honor dan BOP Penyuluh Perikanan Bantu (PPB)",521213,A,0,A0,,0,0,2,1,8,"Honor Penyuluh Non PNS (Sarjana)",A,171,ORG,4,BLN,0,,0,,684,OB,2600000,1778400000,,0,B03,0,209987899,420286513,209987899,0,0,0,0,0,0,0,938137689
403829,DL,7020,QDD,00,5665,646,5665,202,DB,"Pembayaran Honor dan BOP Penyuluh Perikanan Bantu (PPB)",521213,A,0,A0,,0,0,3,2,9,"Honor Penyuluh Non PNS (Master)",A,5,ORG,4,BLN,0,,0,,20,OB,2800000,56000000,,0,B03,0,6612305,13234393,6612305,0,0,0,0,0,0,0,29540997
403829,DL,7020,QDD,00,5665,646,5665,202,ZA,Efisiensi,521219,A,0,A0,,0,0,1,0,244,"Satuan Biaya Operasional Penyuluh Wilayah Barat",A,0,,0,,0,,0,,5360,OB,380000,2036800000,A,2036800000,B03,0,240498962,481353784,240498962,0,0,0,0,0,0,0,1074448292
403829,DL,7020,QDD,00,5665,646,5665,202,ZA,Efisiensi,524111,A,0,A0,,0,0,1,0,271,"Uang Harian",A,0,,0,,0,,0,,52,OK,500000,26000000,A,26000000,B03,0,3069997,6144539,3069997,0,0,0,0,0,0,0,13715467
