KDSATKER,KODE_PROGRAM,KODE_KEGIATAN,KODE_OUTPUT,KDIB,VOLUME_OUTPUT,KODE_SUBOUTPUT,VOLUME_SUBOUTPUT,KODE_KOMPONEN,KODE_SUBKOMPONEN,URAIAN_SUBKOMPONEN,KODE_AKUN,KODE_JENIS_BEBAN,KODE_CARA_TARIK,KODE_JENIS_BANTUAN,KODE_REGISTER,HEADER1,HEADER2,KODE_ITEM,NOMOR_ITEM,CONS_ITEM,URAIAN_ITEM,SUMBER_DANA,VOL_KEG_1,SAT_KEG_1,VOL_KEG_2,SAT_KEG_2,VOL_KEG_3,SAT_KEG_3,VOL_KEG_4,SAT_KEG_4,VOLKEG,SATKEG,HARGASAT,TOTAL,KODE_BLOKIR,NILAI_BLOKIR,KODE_STS_HISTORY,POK_NILAI_1,POK_NILAI_2,POK_NILAI_3,POK_NILAI_4,POK_NILAI_5,POK_NILAI_6,POK_NILAI_7,POK_NILAI_8,POK_NILAI_9,POK_NILAI_10,POK_NILAI_11,POK_NILAI_12
"403829,WA,2378,EBA,00,4,956,1,101,DA,""Pengelolaan Barang Milik Negara (BMN)"",524111,A,0,A0,,1,0,1,0,17,""DKI Jakarta"",A,0,,0,,0,,0,,0,,0,0,,0,B10,0,0,0,0,0,0,0,0,0,0,0,0"
"403829,WA,2378,EBA,00,4,956,1,101,DA,""Pengelolaan Barang Milik Negara (BMN)"",524111,A,0,A0,,0,0,2,1,18,""Uang Harian"",A,0,,0,,0,,0,,2,OK,300000,600000,,0,B10,0,600000,0,0,0,0,0,0,0,0,0,0"
"403829,WA,2378,EBA,00,4,958,1,201,DA,""Pelayanan Publik dan Kehumasan"",524111,A,0,A0,,1,0,1,0,215,""DKI Jakarta"",A,0,,0,,0,,0,,0,,0,0,,0,B10,0,0,0,0,0,0,0,0,0,0,0,0"
"403829,WA,2378,EBA,00,4,958,1,201,DA,""Pelayanan Publik dan Kehumasan"",524111,A,0,A0,,0,0,2,1,216,""Uang Harian"",A,0,,0,,0,,0,,1,OK,450000,450000,,0,B10,0,450000,0,0,0,0,0,0,0,0,0,0"
"403829,WA,2378,EBA,00,4,962,1,201,DA,""Pelayanan Tata Usaha dan Kerumahtanggaan"",522151,A,0,A0,,0,0,1,0,282,""Honor Narasumber"",A,0,,0,,0,,0,,2,OJ,900000,1800000,,0,B10,0,61785,0,0,344873,0,590767,0,415035,387540,0,0"
"403829,WA,2378,EBA,00,4,962,1,201,DA,""Pelayanan Tata Usaha dan Kerumahtanggaan"",524111,A,0,A0,,1,0,1,0,208,""DKI Jakarta"",A,0,,0,,0,,0,,0,,0,0,,0,B10,0,0,0,0,0,0,0,0,0,0,0,0"
"403829,WA,2378,EBA,00,4,962,1,201,DA,""Pelayanan Tata Usaha dan Kerumahtanggaan"",524111,A,0,A0,,0,0,2,1,209,""Uang Harian"",A,0,,0,,0,,0,,2,OK,300000,600000,,0,B10,0,20595,0,0,114958,0,196922,0,138345,129180,0,0"
"403829,WA,2378,EBA,00,4,962,1,201,DB,""Operasional Pimpinan"",524111,A,0,A0,,1,0,1,0,211,""DKI Jakarta"",A,0,,0,,0,,0,,0,,0,0,,0,B10,0,0,0,0,0,0,0,0,0,0,0,0"
"403829,WA,2378,EBA,00,4,962,1,201,DB,""Operasional Pimpinan"",524111,A,0,A0,,0,0,2,1,212,""Uang Harian"",A,0,,0,,0,,0,,32,OK,430000,13760000,,0,B10,0,472311,0,0,2636362,0,4516082,0,3172713,2962532,0,0"
"403829,WA,2378,EBA,00,4,962,1,201,DB,""Operasional Pimpinan"",524111,A,0,A0,,0,0,3,2,213,""Biaya Transportasi"",A,0,,0,,0,,0,,4,OK,330000,1320000,,0,B10,0,45309,0,0,252907,0,433229,0,304359,284196,0,0"
"403829,WA,2378,EBA,00,4,994,1,001,DA,""Pembayaran Gaji dan Tunjangan PNS"",511111,A,0,A0,,0,0,1,0,20,""Belanja Gaji Pokok PNS"",A,0,,0,,0,,0,,12,BULAN,165479000,1985748000,,0,B10,57263628,133568122,269813699,133687607,131823887,270712779,131563480,132178264,129505681,151818318,184546419,259266116"
"403829,WA,2378,EBA,00,4,994,1,001,DA,""Pembayaran Gaji dan Tunjangan PNS"",511111,A,0,A0,,0,0,2,1,21,""Belanja Gaji Pokok PNS (Ke-13)"",A,0,,0,,0,,0,,1,BULAN,166385000,166385000,,0,B10,4798096,11191617,22607578,11201629,11045469,22682911,11023649,11075162,10851227,12720794,15463068,21723800"
"403829,WA,2378,EBA,00,4,994,1,001,DA,""Pembayaran Gaji dan Tunjangan PNS"",511111,A,0,A0,,0,0,3,2,22,""Belanja Gaji Pokok PNS (Ke-14)"",A,0,,0,,0,,0,,1,BULAN,166385000,166385000,,0,B10,4798096,11191617,22607578,11201629,11045469,22682911,11023649,11075162,10851227,12720794,15463068,21723800"
"403829,WA,2378,EBA,00,4,994,1,001,DC,""Pembayaran Gaji dan Tunjangan Penyuluh PNS"",511111,A,0,A0,,0,0,1,0,75,""Belanja Gaji Pokok PNS"",A,0,,0,,0,,0,,12,BULAN,1219680000,14636160000,,0,B10,422067460,984477586,1988689638,985358267,971621525,1995316396,969702167,974233500,954534952,1118992540,1360218372,1910947597"
"403829,WA,2378,EBA,00,4,994,1,001,DC,""Pembayaran Gaji dan Tunjangan Penyuluh PNS"",511111,A,0,A0,,0,0,2,1,76,""Belanja Gaji Pokok PNS (Ke-13)"",A,0,,0,,0,,0,,1,BULAN,1250844000,1250844000,,0,B10,36070974,84135995,169958548,84211260,83037283,170524888,82873249,83260509,81577020,95631990,116247772,163314512"
"403829,WA,2378,EBA,00,4,994,1,001,DC,""Pembayaran Gaji dan Tunjangan Penyuluh PNS"",511111,A,0,A0,,0,0,3,2,77,""Belanja Gaji Pokok PNS (Ke-14)"",A,0,,0,,0,,0,,1,BULAN,1221335000,1221335000,,0,B10,35220014,82151120,165949010,82224609,81078328,166501989,80918164,81296288,79652514,93375910,113505339,159461715"
"403829,WA,2378,EBA,00,4,994,1,001,DA,""Pembayaran Gaji dan Tunjangan PNS"",511119,A,0,A0,,0,0,1,0,23,""Belanja Pembulatan Gaji PNS"",A,0,,0,,0,,0,,12,BULAN,2000,24000,,0,B10,692,1614,3261,1616,1593,3272,1590,1598,1565,1835,2230,3134"
"403829,WA,2378,EBA,00,4,994,1,001,DA,""Pembayaran Gaji dan Tunjangan PNS"",511119,A,0,A0,,0,0,2,1,24,""Belanja Pembulatan Gaji PNS (Ke-13)"",A,0,,0,,0,,0,,1,BULAN,3000,3000,,0,B10,87,202,408,202,199,409,199,200,196,229,279,390"
"403829,WA,2378,EBA,00,4,994,1,001,DA,""Pembayaran Gaji dan Tunjangan PNS"",511119,A,0,A0,,0,0,3,2,25,""Belanja Pembulatan Gaji PNS (Ke-14)"",A,0,,0,,0,,0,,1,BULAN,3000,3000,,0,B10,87,202,408,202,199,409,199,200,196,229,279,390"
"403829,WA,2378,EBA,00,4,994,1,001,DC,""Pembayaran Gaji dan Tunjangan Penyuluh PNS"",511119,A,0,A0,,0,0,1,0,78,""Belanja Pembulatan Gaji PNS"",A,0,,0,,0,,0,,12,BULAN,17000,204000,,0,B10,5883,13722,27719,13734,13543,27811,13516,13579,13304,15597,18959,26633"
"403829,WA,2378,EBA,00,4,994,1,001,DC,""Pembayaran Gaji dan Tunjangan Penyuluh PNS"",511119,A,0,A0,,0,0,2,1,79,""Belanja Pembulatan Gaji PNS (Ke-13)"",A,0,,0,,0,,0,,1,BULAN,18000,18000,,0,B10,519,1211,2446,1212,1195,2454,1193,1198,1174,1376,1673,2349"
"403829,WA,2378,EBA,00,4,994,1,001,DC,""Pembayaran Gaji dan Tunjangan Penyuluh PNS"",511119,A,0,A0,,0,0,3,2,80,""Belanja Pembulatan Gaji PNS (Ke-14)"",A,0,,0,,0,,0,,1,BULAN,17000,17000,,0,B10,490,1143,2310,1145,1129,2318,1126,1132,1109,1300,1580,2218"
"403829,WA,2378,EBA,00,4,994,1,001,DA,""Pembayaran Gaji dan Tunjangan PNS"",511121,A,0,A0,,0,0,1,0,26,""Belanja Tunj. Suami/Istri PNS"",A,0,,0,,0,,0,,12,BULAN,12504000,150048000,,0,B10,4326980,10092736,20387786,10101764,9960937,20455723,9941260,9987715,9785768,11471765,13944781,19590785"
"403829,WA,2378,EBA,00,4,994,1,001,DA,""Pembayaran Gaji dan Tunjangan PNS"",511121,A,0,A0,,0,0,2,1,27,""Belanja Tunj. Suami/Istri PNS (Ke-13)"",A,0,,0,,0,,0,,1,BULAN,12460000,12460000,,0,B10,359313,838102,1693004,838851,827157,1698645,825523,829381,812611,952616,1157976,1626821"
"403829,WA,2378,EBA,00,4,994,1,001,DA,""Pembayaran Gaji dan Tunjangan PNS"",511121,A,0,A0,,0,0,3,2,28,""Belanja Tunj. Suami/Istri PNS (Ke-14)"",A,0,,0,,0,,0,,1,BULAN,12742000,12742000,,0,B10,367445,857070,1731320,857837,845878,1737090,844207,848152,831002,974176,1184184,1663639"
"403829,WA,2378,EBA,00,4,994,1,001,DC,""Pembayaran Gaji dan Tunjangan Penyuluh PNS"",511121,A,0,A0,,0,0,1,0,81,""Belanja Tunj. Suami/Istri PNS"",A,0,,0,,0,,0,,12,BULAN,95908000,1150896000,,0,B10,33188743,77413155,156378104,77482406,76402234,156899191,76251308,76607624,75058653,87990568,106959058,150264956"
"403829,WA,2378,EBA,00,4,994,1,001,DC,""Pembayaran Gaji dan Tunjangan Penyuluh PNS"",511121,A,0,A0,,0,0,2,1,82,""Belanja Tunj. Suami/Istri PNS (Ke-13)"",A,0,,0,,0,,0,,1,BULAN,97436000,97436000,,0,B10,2809792,6553875,13239126,6559738,6468289,13283242,6455512,6485678,6354540,7449369,9055260,12721579"
"403829,WA,2378,EBA,00,4,994,1,001,DC,""Pembayaran Gaji dan Tunjangan Penyuluh PNS"",511121,A,0,A0,,0,0,3,2,83,""Belanja Tunj. Suami/Istri PNS (Ke-14)"",A,0,,0,,0,,0,,1,BULAN,97550000,97550000,,0,B10,2813079,6561543,13254616,6567412,6475857,13298783,6463065,6493266,6361975,7458085,9065855,12736464"
"403829,WA,2378,EBA,00,4,994,1,001,DA,""Pembayaran Gaji dan Tunjangan PNS"",511122,A,0,A0,,0,0,1,0,29,""Belanja Tunj. Anak PNS"",A,0,,0,,0,,0,,12,BULAN,3799000,45588000,,0,B10,1314635,3066403,6194274,3069146,3026360,6214915,3020381,3034495,2973139,3485384,4236742,5952126"
"403829,WA,2378,EBA,00,4,994,1,001,DA,""Pembayaran Gaji dan Tunjangan PNS"",511122,A,0,A0,,0,0,2,1,30,""Belanja Tunj. Anak PNS (Ke-13)"",A,0,,0,,0,,0,,1,BULAN,3790000,3790000,,0,B10,109293,254928,514967,255156,251599,516683,251102,252276,247175,289761,352225,494835"
"403829,WA,2378,EBA,00,4,994,1,001,DA,""Pembayaran Gaji dan Tunjangan PNS"",511122,A,0,A0,,0,0,3,2,31,""Belanja Tunj. Anak PNS (Ke-14)"",A,0,,0,,0,,0,,1,BULAN,3898000,3898000,,0,B10,112408,262193,529641,262427,258769,531406,258258,259464,254218,298018,362262,508936"
"403829,WA,2378,EBA,00,4,994,1,001,DC,""Pembayaran Gaji dan Tunjangan Penyuluh PNS"",511122,A,0,A0,,0,0,1,0,84,""Belanja Tunj. Anak PNS"",A,0,,0,,0,,0,,12,BULAN,30023000,360276000,,0,B10,10389390,24233381,48952536,24255060,23916923,49115657,23869677,23981218,23496329,27544531,33482418,47038880"
"403829,WA,2378,EBA,00,4,994,1,001,DC,""Pembayaran Gaji dan Tunjangan Penyuluh PNS"",511122,A,0,A0,,0,0,2,1,85,""Belanja Tunj. Anak PNS (Ke-13)"",A,0,,0,,0,,0,,1,BULAN,30136000,30136000,,0,B10,869041,2027049,4094732,2028863,2000578,4108376,1996626,2005957,1965397,2304017,2800703,3934661"
"403829,WA,2378,EBA,00,4,994,1,001,DC,""Pembayaran Gaji dan Tunjangan Penyuluh PNS"",511122,A,0,A0,,0,0,3,2,86,""Belanja Tunj. Anak PNS (Ke-14)"",A,0,,0,,0,,0,,1,BULAN,30257000,30257000,,0,B10,872530,2035188,4111173,2037009,2008611,4124872,2004643,2014011,1973288,2313268,2811948,3950459"
"403829,WA,2378,EBA,00,4,994,1,001,DA,""Pembayaran Gaji dan Tunjangan PNS"",511123,A,0,A0,,0,0,1,0,32,""Belanja Tunj. Struktural PNS"",A,0,,0,,0,,0,,12,BULAN,1800000,21600000,,0,B10,622886,1452889,2934902,1454189,1433916,2944682,1431083,1437771,1408700,1651406,2007406,2820170"
"403829,WA,2378,EBA,00,4,994,1,001,DA,""Pembayaran Gaji dan Tunjangan PNS"",511123,A,0,A0,,0,0,2,1,33,""Belanja Tunj. Struktural PNS (Ke-13)"",A,0,,0,,0,,0,,1,BULAN,1800000,1800000,,0,B10,51907,121074,244575,121182,119493,245390,119257,119814,117392,137617,167284,235015"
"403829,WA,2378,EBA,00,4,994,1,001,DA,""Pembayaran Gaji dan Tunjangan PNS"",511123,A,0,A0,,0,0,3,2,34,""Belanja Tunj. Struktural PNS (Ke-14)"",A,0,,0,,0,,0,,1,BULAN,1800000,1800000,,0,B10,51907,121074,244575,121182,119493,245390,119257,119814,117392,137617,167284,235015"
"403829,WA,2378,EBA,00,4,994,1,001,DA,""Pembayaran Gaji dan Tunjangan PNS"",511124,A,0,A0,,0,0,1,0,35,""Belanja Tunj. Fungsional PNS"",A,0,,0,,0,,0,,12,BULAN,11340000,136080000,,0,B10,3924181,9153201,18489883,9161389,9033671,18551495,9015826,9057956,8874808,10403856,12646658,17767076"
"403829,WA,2378,EBA,00,4,994,1,001,DA,""Pembayaran Gaji dan Tunjangan PNS"",511124,A,0,A0,,0,0,2,1,36,""Belanja Tunj. Fungsional PNS (Ke-13)"",A,0,,0,,0,,0,,1,BULAN,12016000,12016000,,0,B10,346509,808237,1632675,808960,797682,1638116,796106,799827,783654,918671,1116713,1568850"
"403829,WA,2378,EBA,00,4,994,1,001,DA,""Pembayaran Gaji dan Tunjangan PNS"",511124,A,0,A0,,0,0,3,2,37,""Belanja Tunj. Fungsional PNS (Ke-14)"",A,0,,0,,0,,0,,1,BULAN,12014000,12014000,,0,B10,346451,808102,1632403,808825,797549,1637843,795974,799693,783524,918518,1116527,1568591"
"403829,WA,2378,EBA,00,4,994,1,001,DC,""Pembayaran Gaji dan Tunjangan Penyuluh PNS"",511124,A,0,A0,,0,0,1,0,87,""Belanja Tunj. Fungsional PNS"",A,0,,0,,0,,0,,12,BULAN,262415000,3148980000,,0,B10,90808107,211811037,427867958,212000516,209045047,429293710,208632095,209607015,205368859,240752023,292651928,411141705"
"403829,WA,2378,EBA,00,4,994,1,001,DC,""Pembayaran Gaji dan Tunjangan Penyuluh PNS"",511124,A,0,A0,,0,0,2,1,88,""Belanja Tunj. Fungsional PNS (Ke-13)"",A,0,,0,,0,,0,,1,BULAN,266074000,266074000,,0,B10,7672858,17897036,36152830,17913047,17663323,36273299,17628431,17710807,17352703,20342414,24727712,34739540"
"403829,WA,2378,EBA,00,4,994,1,001,DC,""Pembayaran Gaji dan Tunjangan Penyuluh PNS"",511124,A,0,A0,,0,0,3,2,89,""Belanja Tunj. Fungsional PNS (Ke-14)"",A,0,,0,,0,,0,,1,BULAN,272190000,272190000,,0,B10,7849227,18308419,36983842,18324797,18069334,37107081,18033639,18117909,17751573,20810006,25296105,35538068"
"403829,WA,2378,EBA,00,4,994,1,001,DA,""Pembayaran Gaji dan Tunjangan PNS"",511125,A,0,A0,,0,0,1,0,38,""Belanja Tunj. PPh PNS"",A,0,,0,,0,,0,,12,BULAN,218000,2616000,,0,B10,75438,175961,355449,176118,173663,356634,173320,174130,170609,200004,243119,341555"
"403829,WA,2378,EBA,00,4,994,1,001,DA,""Pembayaran Gaji dan Tunjangan PNS"",511125,A,0,A0,,0,0,2,1,39,""Belanja Tunj. PPh PNS (Ke-13)"",A,0,,0,,0,,0,,1,BULAN,8844000,8844000,,0,B10,255037,594877,1201679,595409,587109,1205684,585949,588687,576784,676159,821921,1154705"
"403829,WA,2378,EBA,00,4,994,1,001,DA,""Pembayaran Gaji dan Tunjangan PNS"",511125,A,0,A0,,0,0,3,2,40,""Belanja Tunj. PPh PNS (Ke-14)"",A,0,,0,,0,,0,,1,BULAN,8700000,8700000,,0,B10,250885,585191,1182113,585715,577550,1186052,576409,579102,567393,665150,808539,1135901"
"403829,WA,2378,EBA,00,4,994,1,001,DC,""Pembayaran Gaji dan Tunjangan Penyuluh PNS"",511125,A,0,A0,,0,0,1,0,90,""Belanja Tunj. PPh PNS"",A,0,,0,,0,,0,,12,BULAN,3757000,45084000,,0,B10,1300101,3032502,6125793,3035215,2992901,6146205,2986989,3000947,2940269,3446851,4189903,5886324"
"403829,WA,2378,EBA,00,4,994,1,001,DC,""Pembayaran Gaji dan Tunjangan Penyuluh PNS"",511125,A,0,A0,,0,0,2,1,91,""Belanja Tunj. PPh PNS (Ke-13)"",A,0,,0,,0,,0,,1,BULAN,92736000,92736000,,0,B10,2674257,6237737,12600513,6243317,6156280,12642501,6144118,6172829,6048018,7090035,8618464,12107931"
"403829,WA,2378,EBA,00,4,994,1,001,DC,""Pembayaran Gaji dan Tunjangan Penyuluh PNS"",511125,A,0,A0,,0,0,3,2,92,""Belanja Tunj. PPh PNS (Ke-14)"",A,0,,0,,0,,0,,1,BULAN,92730000,92730000,,0,B10,2674084,6237333,12599698,6242913,6155881,12641683,6143721,6172430,6047626,7089577,8617906,12107148"
"403829,WA,2378,EBA,00,4,994,1,001,DA,""Pembayaran Gaji dan Tunjangan PNS"",511126,A,0,A0,,0,0,1,0,41,""Belanja Tunj. Beras PNS"",A,0,,0,,0,,0,,12,BULAN,8637000,103644000,,0,B10,2988814,6971446,14082638,6977682,6880407,14129565,6866816,6898904,6759411,7923995,9632204,13532118"
"403829,WA,2378,EBA,00,4,994,1,001,DA,""Pembayaran Gaji dan Tunjangan PNS"",511126,A,0,A0,,0,0,2,1,42,""Belanja Tunj. Beras PNS (Ke-13)"",A,0,,0,,0,,0,,1,BULAN,8622000,8622000,,0,B10,248635,579945,1171515,580464,572371,1175419,571241,573910,562306,659186,801290,1125718"
"403829,WA,2378,EBA,00,4,994,1,001,DA,""Pembayaran Gaji dan Tunjangan PNS"",511126,A,0,A0,,0,0,3,2,43,""Belanja Tunj. Beras PNS (Ke-14)"",A,0,,0,,0,,0,,1,BULAN,8910000,8910000,,0,B10,256940,599317,1210647,599853,591490,1214681,590322,593080,581089,681205,828055,1163321"
"403829,WA,2378,EBA,00,4,994,1,001,DC,""Pembayaran Gaji dan Tunjangan Penyuluh PNS"",511126,A,0,A0,,0,0,1,0,93,""Belanja Tunj. Beras PNS"",A,0,,0,,0,,0,,12,BULAN,67230000,806760000,,0,B10,23264787,54265404,109618592,54313948,53556765,109983866,53450968,53700740,52614936,61680005,74976618,105333371"
"403829,WA,2378,EBA,00,4,994,1,001,DC,""Pembayaran Gaji dan Tunjangan Penyuluh PNS"",511126,A,0,A0,,0,0,2,1,94,""Belanja Tunj. Beras PNS (Ke-13)"",A,0,,0,,0,,0,,1,BULAN,68005000,68005000,,0,B10,1961081,4574246,9240186,4578338,4514512,9270976,4505594,4526648,4435122,5199252,6320076,8878969"
"403829,WA,2378,EBA,00,4,994,1,001,DC,""Pembayaran Gaji dan Tunjangan Penyuluh PNS"",511126,A,0,A0,,0,0,3,2,95,""Belanja Tunj. Beras PNS (Ke-14)"",A,0,,0,,0,,0,,1,BULAN,68731000,68731000,,0,B10,1982017,4623079,9338831,4627215,4562708,9369950,4553694,4574973,4482470,5254758,6387548,8973757"
"403829,WA,2378,EBA,00,4,994,1,001,DA,""Pembayaran Gaji dan Tunjangan PNS"",511129,A,0,A0,,0,0,1,0,44,""Uang Makan PNS Gol I dan II"",A,2,ORG,22,HARI,12,BLN,0,,528,OH,35000,18480000,,0,B10,532913,1243027,2510972,1244139,1226795,2519339,1224371,1230093,1205221,1412869,1717447,2412814"
"403829,WA,2378,EBA,00,4,994,1,001,DA,""Pembayaran Gaji dan Tunjangan PNS"",511129,A,0,A0,,0,0,2,1,45,""Uang Makan PNS Gol III"",A,33,ORG,20,HARI,12,BLN,0,,7920,OH,37000,293040000,,0,B10,8450485,19710861,39816838,19728493,19453461,39949517,19415033,19505757,19111360,22404071,27233809,38260315"
"403829,WA,2378,EBA,00,4,994,1,001,DA,""Pembayaran Gaji dan Tunjangan PNS"",511129,A,0,A0,,0,0,3,2,46,""Uang Makan PNS Gol IV"",A,5,ORG,20,HARI,12,BLN,0,,1200,OH,41000,49200000,,0,B10,1418796,3309358,6685055,3312319,3266142,6707331,3259690,3274922,3208705,3761535,4572425,6423722"
"403829,WA,2378,EBA,00,4,994,1,001,DC,""Pembayaran Gaji dan Tunjangan Penyuluh PNS"",511129,A,0,A0,,0,0,1,0,96,""Uang Makan PNS Gol I dan II"",A,29,ORG,20,HARI,12,BLN,0,,6960,OH,35000,243600000,,0,B10,7024768,16385359,33099173,16400017,16171387,33209467,16139441,16214860,15887003,18624187,22639080,31805258"
"403829,WA,2378,EBA,00,4,994,1,001,DC,""Pembayaran Gaji dan Tunjangan Penyuluh PNS"",511129,A,0,A0,,0,0,2,1,97,""Uang Makan PNS Gol III"",A,215,ORG,20,HARI,12,BLN,0,,51600,OH,37000,1909200000,,0,B10,55056189,128419244,259412732,128534124,126742248,260277153,126491879,127082964,124513406,145965920,177432394,249271747"
"403829,WA,2378,EBA,00,4,994,1,001,DC,""Pembayaran Gaji dan Tunjangan Penyuluh PNS"",511129,A,0,A0,,0,0,3,2,98,""Uang Makan PNS Gol IV"",A,48,ORG,22,HARI,12,BLN,0,,12672,OH,41000,519552000,,0,B10,14982481,34946823,70594178,34978086,34490461,70829413,34422328,34583181,33883925,39721813,48284808,67834503"
"403829,WA,2378,EBA,00,4,994,1,001,DA,""Pembayaran Gaji dan Tunjangan PNS"",511151,A,0,A0,,0,0,1,0,47,""Belanja Tunj. Umum PNS"",A,0,,0,,0,,0,,12,BULAN,4155000,49860000,,0,B10,1437828,3353752,6774732,3356752,3309956,6797307,3303418,3318854,3251749,3811995,4633762,6509895"
"403829,WA,2378,EBA,00,4,994,1,001,DA,""Pembayaran Gaji dan Tunjangan PNS"",511151,A,0,A0,,0,0,2,1,48,""Belanja Tunj. Umum PNS (Ke-13)"",A,0,,0,,0,,0,,1,BULAN,3900000,3900000,,0,B10,112466,262327,529913,262562,258902,531679,258390,259598,254349,298170,362448,509196"
"403829,WA,2378,EBA,00,4,994,1,001,DA,""Pembayaran Gaji dan Tunjangan PNS"",511151,A,0,A0,,0,0,3,2,49,""Belanja Tunj. Umum PNS (Ke-14)"",A,0,,0,,0,,0,,1,BULAN,4080000,4080000,,0,B10,117656,274435,554370,274680,270851,556218,270316,271579,266088,311932,379177,532698"
"403829,WA,2378,EBA,00,4,994,1,001,DC,""Pembayaran Gaji dan Tunjangan Penyuluh PNS"",511151,A,0,A0,,0,0,1,0,99,""Belanja Tunj. Umum PNS"",A,0,,0,,0,,0,,12,BULAN,201000,2412000,,0,B10,69556,162239,327731,162384,160121,328823,159804,160551,157305,184407,224160,314919"
"403829,WA,2378,EBA,00,4,994,1,001,DC,""Pembayaran Gaji dan Tunjangan Penyuluh PNS"",511151,A,0,A0,,0,0,2,1,100,""Belanja Tunj. Umum PNS (Ke-13)"",A,0,,0,,0,,0,,1,BULAN,190000,190000,,0,B10,5479,12780,25816,12791,12613,25902,12588,12647,12391,14526,17658,24809"
"403829,WA,2378,EBA,00,4,994,1,001,DC,""Pembayaran Gaji dan Tunjangan Penyuluh PNS"",511151,A,0,A0,,0,0,3,2,101,""Belanja Tunj. Umum PNS (Ke-14)"",A,0,,0,,0,,0,,1,BULAN,370000,370000,,0,B10,10670,24887,50274,24910,24562,50441,24514,24628,24131,28288,34386,48309"
"403829,WA,2378,EBA,00,4,994,1,001,DB,""Pembayaran Gaji dan Tunjangan PPPK"",511611,A,0,A0,,0,0,1,0,53,""Belanja Gaji Pokok PPPK"",A,0,,0,,0,,0,,3,BULAN,115761000,347283000,,0,B10,10014707,23359428,47187111,23380325,23054383,47344349,23008841,23116359,22648957,26551164,32274908,45342468"
"403829,WA,2378,EBA,00,4,994,1,001,DD,""Pembayaran Gaji dan Tunjangan Penyuluh PPPK"",511611,A,0,A0,,0,0,1,0,105,""Belanja Gaji Pokok PPPK"",A,0,,0,,0,,0,,12,BULAN,677535000,8130420000,,0,B10,234459429,546879527,1104721594,547368747,539737956,1108402773,538671748,541188914,530246326,621602888,755604383,1061535715"
"403829,WA,2378,EBA,00,4,994,1,001,DD,""Pembayaran Gaji dan Tunjangan Penyuluh PPPK"",511611,A,0,A0,,0,0,2,1,106,""Belanja Gaji Pokok PPPK (Ke-13)"",A,0,,0,,0,,0,,1,BULAN,551230000,551230000,,0,B10,15895990,37077593,74898429,37110761,36593405,75148007,36521118,36691778,35949887,42143722,51228818,71970492"
"403829,WA,2378,EBA,00,4,994,1,001,DD,""Pembayaran Gaji dan Tunjangan Penyuluh PPPK"",511611,A,0,A0,,0,0,3,2,107,""Belanja Gaji Pokok PPPK (Ke-14)"",A,0,,0,,0,,0,,1,BULAN,553892000,553892000,,0,B10,15972754,37256648,75260128,37289976,36770122,75510912,36697486,36868970,36123496,42347242,51476212,72318054"
"403829,WA,2378,EBA,00,4,994,1,001,DB,""Pembayaran Gaji dan Tunjangan PPPK"",511619,A,0,A0,,0,0,1,0,56,""Belanja Pembulatan Gaji PPPK"",A,0,,0,,0,,0,,3,BULAN,2000,6000,,0,B10,173,404,815,404,398,818,398,399,391,459,558,783"
"403829,WA,2378,EBA,00,4,994,1,001,DD,""Pembayaran Gaji dan Tunjangan Penyuluh PPPK"",511619,A,0,A0,,0,0,1,0,108,""Belanja Pembulatan Gaji PPPK"",A,0,,0,,0,,0,,12,BULAN,14000,168000,,0,B10,4845,11300,22827,11310,11153,22903,11131,11183,10957,12844,15613,21934"
"403829,WA,2378,EBA,00,4,994,1,001,DD,""Pembayaran Gaji dan Tunjangan Penyuluh PPPK"",511619,A,0,A0,,0,0,2,1,109,""Belanja Pembulatan Gaji PPPK (Ke-13)"",A,0,,0,,0,,0,,1,BULAN,7000,7000,,0,B10,202,471,951,471,465,954,464,466,457,535,651,913"
"403829,WA,2378,EBA,00,4,994,1,001,DD,""Pembayaran Gaji dan Tunjangan Penyuluh PPPK"",511619,A,0,A0,,0,0,3,2,110,""Belanja Pembulatan Gaji PPPK (Ke-14)"",A,0,,0,,0,,0,,1,BULAN,7000,7000,,0,B10,202,471,951,471,465,954,464,466,457,535,651,913"
"403829,WA,2378,EBA,00,4,994,1,001,DB,""Pembayaran Gaji dan Tunjangan PPPK"",511621,A,0,A0,,0,0,1,0,59,""Belanja Tunjangan Suami/Istri PPPK"",A,0,,0,,0,,0,,3,BULAN,9495000,28485000,,0,B10,821431,1915997,3870402,1917711,1890977,3883299,1887241,1896060,1857723,2177791,2647267,3719101"
"403829,WA,2378,EBA,00,4,994,1,001,DD,""Pembayaran Gaji dan Tunjangan Penyuluh PPPK"",511621,A,0,A0,,0,0,1,0,111,""Belanja Tunjangan Suami/Istri PPPK"",A,0,,0,,0,,0,,12,BULAN,47246000,566952000,,0,B10,16349370,38135108,77034657,38169222,37637110,77291354,37562761,37738289,36975238,43345731,52689949,74023211"
"403829,WA,2378,EBA,00,4,994,1,001,DD,""Pembayaran Gaji dan Tunjangan Penyuluh PPPK"",511621,A,0,A0,,0,0,2,1,112,""Belanja Tunjangan Suami/Istri PPPK (Ke-13)"",A,0,,0,,0,,0,,1,BULAN,37193000,37193000,,0,B10,1072546,2501727,5053602,2503965,2469057,5070442,2464180,2475695,2425637,2843553,3456549,4856047"
"403829,WA,2378,EBA,00,4,994,1,001,DD,""Pembayaran Gaji dan Tunjangan Penyuluh PPPK"",511621,A,0,A0,,0,0,3,2,113,""Belanja Tunjangan Suami/Istri PPPK (Ke-14)"",A,0,,0,,0,,0,,1,BULAN,36533000,36533000,,0,B10,1053513,2457333,4963925,2459531,2425243,4980466,2420452,2431763,2382594,2793093,3395211,4769876"
"403829,WA,2378,EBA,00,4,994,1,001,DB,""Pembayaran Gaji dan Tunjangan PPPK"",511622,A,0,A0,,0,0,1,0,62,""Belanja Tunjangan Anak PPPK"",A,0,,0,,0,,0,,3,BULAN,3653000,10959000,,0,B10,316028,737139,1489055,737799,727513,1494017,726076,729469,714719,837859,1018480,1430846"
"403829,WA,2378,EBA,00,4,994,1,001,DD,""Pembayaran Gaji dan Tunjangan Penyuluh PPPK"",511622,A,0,A0,,0,0,1,0,114,""Belanja Tunjangan Anak PPPK"",A,0,,0,,0,,0,,12,BULAN,14100000,169200000,,0,B10,4879273,11380964,22990066,11391145,11232343,23066674,11210154,11262538,11034815,12936012,15724681,22091335"
"403829,WA,2378,EBA,00,4,994,1,001,DD,""Pembayaran Gaji dan Tunjangan Penyuluh PPPK"",511622,A,0,A0,,0,0,2,1,115,""Belanja Tunjangan Anak PPPK (Ke-13)"",A,0,,0,,0,,0,,1,BULAN,10854000,10854000,,0,B10,313000,730077,1474788,730730,720543,1479703,719119,722480,707872,829831,1008722,1417135"
"403829,WA,2378,EBA,00,4,994,1,001,DD,""Pembayaran Gaji dan Tunjangan Penyuluh PPPK"",511622,A,0,A0,,0,0,3,2,116,""Belanja Tunjangan Anak PPPK (Ke-14)"",A,0,,0,,0,,0,,1,BULAN,11034000,11034000,,0,B10,318191,742184,1499246,742848,732492,1504242,731045,734461,719611,843593,1025450,1440637"
"403829,WA,2378,EBA,00,4,994,1,001,DD,""Pembayaran Gaji dan Tunjangan Penyuluh PPPK"",511624,A,0,A0,,0,0,1,0,117,""Belanja Tunjangan Fungsional PPPK"",A,0,,0,,0,,0,,12,BULAN,109000000,1308000000,,0,B10,37719199,87980501,177724625,88059205,86831584,178316843,86660055,87065010,85304596,100001793,121559591,170776998"
"403829,WA,2378,EBA,00,4,994,1,001,DD,""Pembayaran Gaji dan Tunjangan Penyuluh PPPK"",511624,A,0,A0,,0,0,2,1,118,""Belanja Tunjangan Fungsional PPPK (Ke-13)"",A,0,,0,,0,,0,,1,BULAN,88746000,88746000,,0,B10,2559196,5969356,12058371,5974696,5891403,12098552,5879765,5907241,5787799,6784984,8247651,11586986"
"403829,WA,2378,EBA,00,4,994,1,001,DD,""Pembayaran Gaji dan Tunjangan Penyuluh PPPK"",511624,A,0,A0,,0,0,3,2,119,""Belanja Tunjangan Fungsional PPPK (Ke-14)"",A,0,,0,,0,,0,,1,BULAN,89070000,89070000,,0,B10,2568539,5991149,12102395,5996509,5912912,12142723,5901232,5928808,5808930,6809755,8277762,11629286"
"403829,WA,2378,EBA,00,4,994,1,001,DB,""Pembayaran Gaji dan Tunjangan PPPK"",511625,A,0,A0,,0,0,1,0,68,""Belanja Tunjangan Beras PPPK"",A,0,,0,,0,,0,,3,BULAN,8908000,26724000,,0,B10,770648,1797547,3631126,1799155,1774073,3643226,1770568,1778842,1742875,2043156,2483607,3489177"
"403829,WA,2378,EBA,00,4,994,1,001,DD,""Pembayaran Gaji dan Tunjangan Penyuluh PPPK"",511625,A,0,A0,,0,0,1,0,120,""Belanja Tunjangan Beras PPPK"",A,0,,0,,0,,0,,12,BULAN,41577000,498924000,,0,B10,14387625,33559314,67791346,33589335,33121071,68017242,33055643,33210109,32538616,38144721,46367735,65141243"
"403829,WA,2378,EBA,00,4,994,1,001,DD,""Pembayaran Gaji dan Tunjangan Penyuluh PPPK"",511625,A,0,A0,,0,0,2,1,121,""Belanja Tunjangan Beras PPPK (Ke-13)"",A,0,,0,,0,,0,,1,BULAN,33170000,33170000,,0,B10,956534,2231126,4506977,2233122,2201991,4521995,2197641,2207910,2163267,2535978,3082669,4330790"
"403829,WA,2378,EBA,00,4,994,1,001,DD,""Pembayaran Gaji dan Tunjangan Penyuluh PPPK"",511625,A,0,A0,,0,0,3,2,122,""Belanja Tunjangan Beras PPPK (Ke-14)"",A,0,,0,,0,,0,,1,BULAN,33374000,33374000,,0,B10,962416,2244848,4534695,2246856,2215533,4549806,2211156,2221489,2176572,2551575,3101628,4357426"
"403829,WA,2378,EBA,00,4,994,1,001,DB,""Pembayaran Gaji dan Tunjangan PPPK"",511628,A,0,A0,,0,0,1,0,71,""Uang Makan PPPK (Gol I dan II)"",A,11,ORG,20,HARI,3,BLN,0,,660,OH,35000,23100000,,0,B10,666142,1553784,3138715,1555174,1533494,3149174,1530464,1537616,1506526,1766087,2146809,3016015"
"403829,WA,2378,EBA,00,4,994,1,001,DB,""Pembayaran Gaji dan Tunjangan PPPK"",511628,A,0,A0,,0,0,2,1,300,""Uang Makan PPPK (Gol III)"",A,27,ORG,20,HARI,3,BLN,0,,1620,OH,37000,59940000,,0,B10,1728508,4031767,8144353,4035374,3979117,8171492,3971257,3989814,3909142,4582651,5570552,7825973"
"403829,WA,2378,EBA,00,4,994,1,001,DD,""Pembayaran Gaji dan Tunjangan Penyuluh PPPK"",511628,A,0,A0,,0,0,1,0,123,""Uang Makan PPPK (Gol II)"",A,20,ORG,20,HARI,12,BLN,0,,4800,OH,35000,168000000,,0,B10,4844668,11300248,22827016,11310357,11152680,22903081,11130649,11182662,10956554,12844267,15613159,21934659"
"403829,WA,2378,EBA,00,4,994,1,001,DD,""Pembayaran Gaji dan Tunjangan Penyuluh PPPK"",511628,A,0,A0,,0,0,2,1,124,""Uang Makan PPPK (Gol III)"",A,182,ORG,20,HARI,12,BLN,0,,43680,OH,37000,1616160000,,0,B10,46605704,108708384,219595894,108805630,107288786,220327637,107076846,107577207,105402046,123561848,150198585,211011433"
"403829,WA,2378,EBA,00,4,994,1,001,DB,""Pembayaran Gaji dan Tunjangan PPPK"",511633,A,0,A0,,0,0,1,0,65,""Belanja Tunjangan Umum PPPK"",A,0,,0,,0,,0,,3,BULAN,6965000,20895000,,0,B10,602556,1405468,2839110,1406726,1387115,2848571,1384375,1390844,1362721,1597506,1941887,2728121"
"403829,WA,2378,EBA,00,4,994,1,001,DA,""Pembayaran Gaji dan Tunjangan PNS"",512411,A,0,A0,,0,0,1,0,50,""Belanja Tukin PNS"",A,0,,0,,0,,0,,12,BULAN,184000000,2208000000,,0,B10,63672777,148517542,300012211,148650401,146578087,301011919,146288534,146972127,144000419,168810366,205201512,288284105"
"403829,WA,2378,EBA,00,4,994,1,001,DA,""Pembayaran Gaji dan Tunjangan PNS"",512411,A,0,A0,,0,0,2,1,51,""Belanja Tukin PNS (Ke-13)"",A,0,,0,,0,,0,,1,BULAN,220494000,220494000,,0,B10,6358453,14831172,29959643,14844439,14637495,30059476,14608580,14676844,14380085,16857642,20491713,28788458"
"403829,WA,2378,EBA,00,4,994,1,001,DA,""Pembayaran Gaji dan Tunjangan PNS"",512411,A,0,A0,,0,0,3,2,52,""Belanja Tukin PNS (Ke-14)"",A,0,,0,,0,,0,,1,BULAN,222130000,222130000,,0,B10,6405631,14941215,30181935,14954580,14746101,30282508,14716971,14785742,14486781,16982720,20643755,29002061"
"403829,WA,2378,EBA,00,4,994,1,001,DC,""Pembayaran Gaji dan Tunjangan Penyuluh PNS"",512411,A,0,A0,,0,0,1,0,102,""Belanja Tukin PNS"",A,0,,0,,0,,0,,12,BULAN,1995666000,23947992000,,0,B10,690595631,1610822877,3253935700,1612263865,1589787520,3264778540,1586647026,1594061288,1561830112,1830919066,2225617831,3126732544"
"403829,WA,2378,EBA,00,4,994,1,001,DC,""Pembayaran Gaji dan Tunjangan Penyuluh PNS"",512411,A,0,A0,,0,0,2,1,103,""Belanja Tukin PNS (Ke-13)"",A,0,,0,,0,,0,,1,BULAN,2367160000,2367160000,,0,B10,68262523,159223182,321638091,159365617,157143924,322709861,156833499,157566368,154380449,180978780,219993121,309064585"
"403829,WA,2378,EBA,00,4,994,1,001,DC,""Pembayaran Gaji dan Tunjangan Penyuluh PNS"",512411,A,0,A0,,0,0,3,2,104,""Belanja Tukin PNS (Ke-14)"",A,0,,0,,0,,0,,1,BULAN,2410144000,2410144000,,0,B10,69502066,162114431,327478546,162259453,159997417,328569778,159681355,160427532,157183762,184265077,223987859,314676724"
"403829,WA,2378,EBA,00,4,994,1,001,DB,""Pembayaran Gaji dan Tunjangan PPPK"",512414,A,0,A0,,0,0,1,0,72,""Tukin PPPK"",A,0,,0,,0,,0,,3,BULAN,150000000,450000000,,0,B10,12976789,30268521,61143793,30295598,29873251,61347538,29814239,29953559,29347912,34404287,41820960,58753553"
"403829,WA,2378,EBA,00,4,994,1,001,DD,""Pembayaran Gaji dan Tunjangan Penyuluh PPPK"",512414,A,0,A0,,0,0,1,0,125,""Tukin PPPK"",A,0,,0,,0,,0,,12,BULAN,956000000,11472000000,,0,B10,330821602,771645491,1558759095,772335779,761568754,1563953229,760064338,763616052,748176091,877079946,1066155683,1497823940"
"403829,WA,2378,EBA,00,4,994,1,001,DD,""Pembayaran Gaji dan Tunjangan Penyuluh PPPK"",512414,A,0,A0,,0,0,2,1,126,""Tukin PPPK (Ke-13)"",A,0,,0,,0,,0,,1,BULAN,785319000,785319000,,0,B10,22646486,52823210,106705294,52870464,52133404,107060860,52030419,52273552,51216606,60040755,72983988,102533962"
"403829,WA,2378,EBA,00,4,994,1,001,DD,""Pembayaran Gaji dan Tunjangan Penyuluh PPPK"",512414,A,0,A0,,0,0,3,2,127,""Tukin PPPK (Ke-14)"",A,0,,0,,0,,0,,1,BULAN,789135000,789135000,,0,B10,22756529,53079886,107223793,53127371,52386728,107581081,52283244,52527556,51465475,60332504,73338630,103032203"
"403829,WA,2378,EBA,00,4,994,1,002,DA,""Kebutuhan Sehari-hari Perkantoran"",521111,A,0,A0,,1,0,1,0,128,""Honor dan BPJS Ketenagakerjaan PPNPN"",A,0,,0,,0,,0,,0,,0,0,,0,B10,0,0,0,0,0,0,0,0,0,0,0,0"
"403829,WA,2378,EBA,00,4,994,1,002,DA,""Kebutuhan Sehari-hari Perkantoran"",521111,A,0,A0,,0,0,10,1,291,""BPJS Ketenagakerjaan"",A,0,,0,,0,,0,,1,TAHUN,8936000,8936000,,0,B10,104112,847090,668078,527468,542509,634992,552739,565164,1232509,1232509,565164,1463666"
"403829,WA,2378,EBA,00,4,994,1,002,DA,""Kebutuhan Sehari-hari Perkantoran"",521111,A,0,A0,,1,0,11,2,293,""Gaji PPPK Paruh Waktu"",A,0,,0,,0,,0,,0,,0,0,,0,B10,0,0,0,0,0,0,0,0,0,0,0,0"
"403829,WA,2378,EBA,00,4,994,1,002,DA,""Kebutuhan Sehari-hari Perkantoran"",521111,A,0,A0,,0,0,12,3,294,""Gaji PPPK Paruh Waktu"",A,6,ORG,3,BLN,0,,0,,18,OB,4350000,78300000,,0,B10,912263,7422464,5853909,4621841,4753629,5563996,4843267,4952140,10799623,10799623,4952140,12825105"
"403829,WA,2378,EBA,00,4,994,1,002,DA,""Kebutuhan Sehari-hari Perkantoran"",521111,A,0,A0,,0,0,13,4,301,""Gaji PPPK Paruh Waktu (PPB)"",A,10,ORG,3,BLN,0,,0,,30,OB,2600000,78000000,,0,B10,908767,7394026,5831480,4604133,4735416,5542678,4824710,4933167,10758246,10758246,4933167,12775964"
"403829,WA,2378,EBA,00,4,994,1,002,DA,""Kebutuhan Sehari-hari Perkantoran"",521111,A,0,A0,,0,0,14,5,295,""BPJS Ketenagakerjaan"",A,0,,0,,0,,0,,1,TAHUN,5250000,5250000,,0,B10,61167,497675,392503,309894,318730,373065,324740,332040,724113,724113,332040,859920"
"403829,WA,2378,EBA,00,4,994,1,002,DA,""Kebutuhan Sehari-hari Perkantoran"",521111,A,0,A0,,0,0,2,6,129,""Honor Pramubakti"",A,17,ORG,10,BLN,0,,0,,170,OB,4000000,680000000,,0,B10,7922587,64460737,50838544,40138595,41283113,48320786,42061578,43007093,93789833,93789833,43007093,111380208"
"403829,WA,2378,EBA,00,4,994,1,002,DA,""Kebutuhan Sehari-hari Perkantoran"",521111,A,0,A0,,0,0,3,7,130,""Biaya BPJS Ketenagakerjaan PPNPN"",A,0,,0,,0,,0,,1,TAHUN,3117000,3117000,,0,B10,36316,295477,233035,183988,189235,221494,192803,197137,429916,429916,197137,510546"
"403829,WA,2378,EBA,00,4,994,1,002,DA,""Kebutuhan Sehari-hari Perkantoran"",521111,A,0,A0,,1,0,4,8,131,""Keperluan Sehari-hari Kantor"",A,0,,0,,0,,0,,0,,0,0,,0,B10,0,0,0,0,0,0,0,0,0,0,0,0"
"403829,WA,2378,EBA,00,4,994,1,002,DA,""Kebutuhan Sehari-hari Perkantoran"",521111,A,0,A0,,0,0,5,9,132,""Keperluan Sehari-hari Perkantoran (Kantor Sempur dan Instalasi Cibalagung, Cijeruk, Depok)"",A,0,,0,,0,,0,,42,OT,1517000,63714000,,0,B10,742323,6039781,4763422,3760868,3868106,4527515,3941046,4029638,8787832,8787832,4029638,10435999"
"403829,WA,2378,EBA,00,4,994,1,002,DA,""Kebutuhan Sehari-hari Perkantoran"",521111,A,0,A0,,1,0,6,10,287,""Honor dan BPJS PPB"",A,0,,0,,0,,0,,0,,0,0,,0,B10,0,0,0,0,0,0,0,0,0,0,0,0"
"403829,WA,2378,EBA,00,4,994,1,002,DA,""Kebutuhan Sehari-hari Perkantoran"",521111,A,0,A0,,0,0,7,11,288,""Honor Penyuluh Non PNS (Sarjana Muda)"",A,18,ORG,2,BLN,0,,0,,36,OB,2400000,86400000,,0,B10,1006635,8190305,6459486,5099963,5245384,6139582,5344295,5464431,11916826,11916826,5464431,14151836"
"403829,WA,2378,EBA,00,4,994,1,002,DA,""Kebutuhan Sehari-hari Perkantoran"",521111,A,0,A0,,0,0,8,12,289,""Honor Penyuluh Non PNS (Sarjana)"",A,171,ORG,2,BLN,0,,0,,342,OB,2600000,889200000,,0,B10,10359947,84291893,66478872,52487116,53983742,63186533,55001699,56238099,122644000,122644000,56238099,145646000"
"403829,WA,2378,EBA,00,4,994,1,002,DA,""Kebutuhan Sehari-hari Perkantoran"",521111,A,0,A0,,0,0,9,13,290,""Honor Penyuluh Non PNS (Master)"",A,5,ORG,2,BLN,0,,0,,10,OB,2800000,28000000,,0,B10,326224,2654266,2093352,1652766,1699893,1989679,1731947,1770880,3861934,3861934,1770880,4586245"
"403829,WA,2378,EBA,00,4,994,1,002,DD,""Pembayaran Terkait Pelaksanaan Operasional Kantor"",521115,A,0,A0,,0,0,1,0,197,""Honorarium Pejabat Kuasa Pengguna Anggaran"",A,1,ORG,12,BLN,0,,0,,12,OB,2550000,30600000,,0,B10,356516,2900733,2287734,1806237,1857740,2174435,1892771,1935319,4220542,4220542,1935319,5012112"
"403829,WA,2378,EBA,00,4,994,1,002,DD,""Pembayaran Terkait Pelaksanaan Operasional Kantor"",521115,A,0,A0,,0,0,2,1,198,""Honorarium Pejabat Pembuat Komitmen"",A,1,ORG,12,BLN,0,,0,,12,OB,2480000,29760000,,0,B10,346730,2821105,2224934,1756654,1806743,2114745,1840813,1882193,4104684,4104684,1882193,4874522"
"403829,WA,2378,EBA,00,4,994,1,002,DD,""Pembayaran Terkait Pelaksanaan Operasional Kantor"",521115,A,0,A0,,0,0,3,2,199,""Honorarium Pejabat  Penguji Tagihan   Penandatangan  Spm"",A,1,ORG,12,BLN,0,,0,,12,OB,1230000,14760000,,0,B10,171967,1399177,1103495,871244,896086,1048845,912984,933507,2035791,2035791,933507,2417606"
"403829,WA,2378,EBA,00,4,994,1,002,DD,""Pembayaran Terkait Pelaksanaan Operasional Kantor"",521115,A,0,A0,,0,0,4,3,200,""Honorarium Bendahara  Pengeluaran"",A,1,ORG,12,BLN,0,,0,,12,OB,1070000,12840000,,0,B10,149597,1217170,959951,757911,779522,912410,794222,812075,1770973,1770973,812075,2103121"
"403829,WA,2378,EBA,00,4,994,1,002,DD,""Pembayaran Terkait Pelaksanaan Operasional Kantor"",521115,A,0,A0,,0,0,5,4,201,""Honorarium Staf  Pengelola"",A,3,ORG,12,BLN,0,,0,,36,OB,800000,28800000,,0,B10,335545,2730102,2153162,1699988,1748461,2046527,1781432,1821477,3972275,3972275,1821477,4717279"
"403829,WA,2378,EBA,00,4,994,1,002,DD,""Pembayaran Terkait Pelaksanaan Operasional Kantor"",521115,A,0,A0,,0,0,6,5,202,""Honorarium Anggota/Petugas (UAKPA/Barang)"",A,2,ORG,12,BLN,0,,0,,24,OB,150000,3600000,,0,B10,41943,341263,269145,212498,218558,255816,222679,227685,496534,496534,227685,589660"
"403829,WA,2378,EBA,00,4,994,1,002,DD,""Pembayaran Terkait Pelaksanaan Operasional Kantor"",521115,A,0,A0,,0,0,7,6,203,""Honorarium Pengurus/Penyimpan Bmn Tingkat Kuasa Pengguna Barang"",A,2,ORG,12,BLN,0,,0,,24,OB,180000,4320000,,0,B10,50332,409515,322974,254998,262269,306979,267215,273222,595841,595841,273222,707592"
"403829,WA,2378,EBA,00,4,994,1,002,DA,""Kebutuhan Sehari-hari Perkantoran"",521119,A,0,A0,,0,0,1,0,133,""Biaya Tol"",A,0,,0,,0,,0,,58,PAKET,100000,5800000,,0,B10,67575,549812,433623,342359,352121,412148,358761,366825,799972,799972,366825,950007"
"403829,WA,2378,EBA,00,4,994,1,002,DA,""Kebutuhan Sehari-hari Perkantoran"",521119,A,0,A0,,0,0,2,1,134,""Biaya Angkut Sampah"",A,0,,0,,0,,0,,12,BULAN,350000,4200000,,0,B10,48934,398140,314003,247915,254984,298452,259792,265632,579290,579290,265632,687936"
"403829,WA,2378,EBA,00,4,994,1,002,DD,""Pembayaran Terkait Pelaksanaan Operasional Kantor"",521119,A,0,A0,,0,0,1,0,243,""Pakaian Kerja PJLP"",A,30,ORG,1,STELL,0,,0,,30,STELL,250000,7500000,,0,B10,87381,710964,560717,442705,455328,532950,463908,474343,1034447,1034447,474343,1228467"
"403829,WA,2378,EBA,00,4,994,1,002,DA,""Kebutuhan Sehari-hari Perkantoran"",521211,A,0,A0,,0,0,1,0,135,""Jamuan Tamu/Delegasi"",A,0,,0,,0,,0,,1,TAHUN,59605000,59605000,,0,B10,694450,5650268,4456223,3518325,3618647,4235530,3686883,3769761,8221093,8221093,3769761,9762966"
"403829,WA,2378,EBA,00,4,994,1,002,DA,""Kebutuhan Sehari-hari Perkantoran"",521811,A,0,A0,,0,0,1,0,137,""Bahan Komputer"",A,0,,0,,0,,0,,4,PAKET,1000000,4000000,,0,B10,46603,379181,299050,236109,242842,284240,247421,252983,551705,551705,252983,655178"
"403829,WA,2378,EBA,00,4,994,1,002,DA,""Kebutuhan Sehari-hari Perkantoran"",521811,A,0,A0,,0,0,2,1,292,ATK,A,0,,0,,0,,0,,2,PAKET,1000000,2000000,,0,B10,23302,189590,149525,118055,121421,142120,123711,126491,275852,275852,126491,327590"
"403829,WA,2378,EBA,00,4,994,1,002,DC,""Pemeliharaan Kantor"",521811,A,0,A0,,0,0,1,0,149,""Pakan Induk Ikan Koleksi"",A,0,,0,,0,,0,,17000,KG,10000,170000000,,0,B10,1980647,16115184,12709636,10034649,10320778,12080196,10515394,10751773,23447458,23447458,10751773,27845054"
"403829,WA,2378,EBA,00,4,994,1,002,DC,""Pemeliharaan Kantor"",521811,A,0,A0,,0,0,2,1,286,""Bahan Baku Pakan Ikan"",A,0,,0,,0,,0,,10000,KG,5000,50000000,,0,B10,582543,4739760,3738128,2951367,3035523,3552999,3092763,3162286,6896311,6896311,3162286,8189723"
"403829,WA,2378,EBA,00,4,994,1,002,DB,""Langganan Daya dan Jasa"",522111,A,0,A0,,0,0,1,0,145,""Langganan Listrik"",A,0,,0,,0,,0,,12,BULAN,53790000,645480000,,0,B10,7520399,61188407,48257740,38100971,39187388,45867795,39926334,40823851,89028620,89028620,40823851,105726024"
"403829,WA,2378,EBA,00,4,994,1,002,DB,""Langganan Daya dan Jasa"",522112,A,0,A0,,0,0,1,0,146,""Langganan Telepon"",A,0,,0,,0,,0,,12,BULAN,500000,6000000,,0,B10,69905,568771,448575,354164,364263,426360,371132,379474,827557,827557,379474,982768"
"403829,WA,2378,EBA,00,4,994,1,002,DB,""Langganan Daya dan Jasa"",522113,A,0,A0,,0,0,1,0,147,""Langganan Air (PAM)"",A,0,,0,,0,,0,,12,BULAN,3300000,39600000,,0,B10,461374,3753890,2960598,2337483,2404134,2813975,2449468,2504531,5461879,5461879,2504531,6486258"
"403829,WA,2378,EBA,00,4,994,1,002,DB,""Langganan Daya dan Jasa"",522119,A,0,A0,,0,0,1,0,148,""Langganan Internet"",A,0,,0,,0,,0,,12,BULAN,10575000,126900000,,0,B10,1478495,12029511,9487369,7490570,7704157,9017511,7849433,8025883,17502838,17502838,8025883,20785512"
"403829,WA,2378,EBA,00,4,994,1,002,DB,""Langganan Daya dan Jasa"",522119,A,0,A0,,0,0,2,1,240,""Langganan aplikasi perkantoran"",A,0,,0,,0,,0,,1,TAHUN,28700000,28700000,,0,B10,334380,2720622,2145686,1694085,1742390,2039421,1775246,1815152,3958483,3958483,1815152,4700900"
"403829,WA,2378,EBA,00,4,994,1,002,DA,""Kebutuhan Sehari-hari Perkantoran"",522191,A,0,A0,,1,0,1,0,138,""Penyedia Jasa Lainnya Perorangan (PJLP)"",A,0,,0,,0,,0,,0,,0,0,,0,B10,0,0,0,0,0,0,0,0,0,0,0,0"
"403829,WA,2378,EBA,00,4,994,1,002,DA,""Kebutuhan Sehari-hari Perkantoran"",522191,A,0,A0,,0,0,2,1,139,""Biaya Outsourcing Perorangan Tenaga Kebersihan (Januari s.d September) (9 ORG)"",A,0,,0,,0,,0,,9,PAKET,45550000,409950000,,0,B10,4776271,38861293,30648913,24198260,24888253,29131038,25357565,25927585,56542856,56542856,25927585,67147525"
"403829,WA,2378,EBA,00,4,994,1,002,DA,""Kebutuhan Sehari-hari Perkantoran"",522191,A,0,A0,,0,0,3,2,140,""Biaya Outsourcing Perorangan Pengemudi (2 ORG)"",A,0,,0,,0,,0,,2,PAKET,61300000,122600000,,0,B10,1428396,11621892,9165890,7236753,7443102,8711953,7583455,7753926,16909755,16909755,7753926,20081197"
"403829,WA,2378,EBA,00,4,994,1,002,DA,""Kebutuhan Sehari-hari Perkantoran"",522191,A,0,A0,,0,0,4,3,141,""Biaya Outsourcing Perorangan Petugas Kolam (Januari s.d September) (3 ORG)"",A,0,,0,,0,,0,,3,PAKET,45430000,136290000,,0,B10,1587896,12919638,10189390,8044837,8274229,9684764,8430254,8619760,18797965,18797965,8619760,22323542"
"403829,WA,2378,EBA,00,4,994,1,002,DA,""Kebutuhan Sehari-hari Perkantoran"",522191,A,0,A0,,0,0,5,4,142,""Biaya Outsourcing Perorangan Petugas Layanan Informasi (1 ORG)"",A,0,,0,,0,,0,,1,PAKET,45900000,45900000,,0,B10,534775,4351100,3431602,2709355,2786610,3261653,2839157,2902979,6330814,6330814,2902979,7518162"
"403829,WA,2378,EBA,00,4,994,1,002,DA,""Kebutuhan Sehari-hari Perkantoran"",522191,A,0,A0,,0,0,6,5,296,""Biaya Outsourcing Perorangan Tenaga Kebersihan (Oktober s.d Desember) (5 ORG)"",A,0,,0,,0,,0,,5,PAKET,13780000,68900000,,0,B10,802744,6531389,5151141,4066984,4182951,4896033,4261828,4357630,9503117,9503117,4357630,11285436"
"403829,WA,2378,EBA,00,4,994,1,002,DA,""Kebutuhan Sehari-hari Perkantoran"",522191,A,0,A0,,0,0,7,6,297,""Biaya Outsourcing Perorangan Petugas Kolam (Oktober s.d Desember) (1 ORG)"",A,0,,0,,0,,0,,1,PAKET,13890000,13890000,,0,B10,161830,1316705,1038452,819890,843268,987023,859170,878483,1915795,1915795,878483,2275106"
"403829,WA,2378,EBA,00,4,994,1,002,DA,""Kebutuhan Sehari-hari Perkantoran"",522191,A,0,A0,,1,0,8,7,143,""Outsorcing Satpam"",A,0,,0,,0,,0,,0,,0,0,,0,B10,0,0,0,0,0,0,0,0,0,0,0,0"
"403829,WA,2378,EBA,00,4,994,1,002,DA,""Kebutuhan Sehari-hari Perkantoran"",522191,A,0,A0,,0,0,9,8,144,""Biaya Outsourcing Satpam (24 ORG)"",A,0,,0,,0,,0,,1,PAKET,2213838000,2213838000,,0,B10,25793123,209861219,165512205,130676981,134403125,157315281,136937529,140015790,305346319,305346319,140015790,362614319"
"403829,WA,2378,EBA,00,4,994,1,002,DC,""Pemeliharaan Kantor"",522191,A,0,A0,,0,0,1,0,242,""Jasa Penanganan Rayap"",A,0,,0,,0,,0,,2,PAKET,17630000,35260000,,0,B10,410809,3342479,2636128,2081304,2140651,2505575,2181017,2230044,4863279,4863279,2230044,5775391"
"403829,WA,2378,EBA,00,4,994,1,002,DC,""Pemeliharaan Kantor"",523111,A,0,A0,,1,0,1,0,150,""Kantor Sempur"",A,0,,0,,0,,0,,0,,0,0,,0,B10,0,0,0,0,0,0,0,0,0,0,0,0"
"403829,WA,2378,EBA,00,4,994,1,002,DC,""Pemeliharaan Kantor"",523111,A,0,A0,,0,0,10,1,160,""Pemeliharaan Pagar Keliling Cibalagung"",A,0,,0,,0,,0,,217,M2,10000,2170000,,0,B10,25282,205706,162235,128089,131742,154200,134226,137243,299300,299300,137243,355434"
"403829,WA,2378,EBA,00,4,994,1,002,DC,""Pemeliharaan Kantor"",523111,A,0,A0,,0,0,11,2,241,""Pemeliharaan Rumah Dinas Cibalagung"",A,0,,0,,0,,0,,44,M2,100000,4400000,,0,B10,51264,417099,328955,259720,267126,312664,272163,278281,606875,606875,278281,720697"
"403829,WA,2378,EBA,00,4,994,1,002,DC,""Pemeliharaan Kantor"",523111,A,0,A0,,1,0,12,3,263,""Instalasi Cijeruk"",A,0,,0,,0,,0,,0,,0,0,,0,B10,0,0,0,0,0,0,0,0,0,0,0,0"
"403829,WA,2378,EBA,00,4,994,1,002,DC,""Pemeliharaan Kantor"",523111,A,0,A0,,0,0,13,4,280,""Pemeliharaan Kantor Cijeruk"",A,0,,0,,0,,0,,66,M2,105000,6930000,,0,B10,80740,656931,518105,409060,420723,492446,428657,438293,955829,955829,438293,1135094"
"403829,WA,2378,EBA,00,4,994,1,002,DC,""Pemeliharaan Kantor"",523111,A,0,A0,,0,0,14,5,264,""Pemeliharaan Kolam Cijeruk"",A,0,,0,,0,,0,,542,M2,50000,27100000,,0,B10,315738,2568950,2026065,1599641,1645253,1925725,1676278,1713959,3737801,3737801,1713959,4438830"
"403829,WA,2378,EBA,00,4,994,1,002,DC,""Pemeliharaan Kantor"",523111,A,0,A0,,0,0,15,6,298,""Pemeliharaan Halaman Kantor Cijeruk"",A,0,,0,,0,,0,,860,M2,5000,4300000,,0,B10,50099,407619,321479,253818,261055,305558,265978,271957,593083,593083,271957,704314"
"403829,WA,2378,EBA,00,4,994,1,002,DC,""Pemeliharaan Kantor"",523111,A,0,A0,,1,0,16,7,163,""Instalasi Depok"",A,0,,0,,0,,0,,0,,0,0,,0,B10,0,0,0,0,0,0,0,0,0,0,0,0"
"403829,WA,2378,EBA,00,4,994,1,002,DC,""Pemeliharaan Kantor"",523111,A,0,A0,,0,0,17,8,164,""Pemeliharaan Kantor Depok"",A,0,,0,,0,,0,,28,M2,100000,2800000,,0,B10,32622,265427,209335,165277,169989,198968,173195,177088,386193,386193,177088,458625"
"403829,WA,2378,EBA,00,4,994,1,002,DC,""Pemeliharaan Kantor"",523111,A,0,A0,,0,0,18,9,165,""Pemeliharaan Gedung Laboratorium Depok"",A,0,,0,,0,,0,,266,M2,100000,26600000,,0,B10,309913,2521552,1988684,1570127,1614898,1890195,1645350,1682336,3668838,3668838,1682336,4356933"
"403829,WA,2378,EBA,00,4,994,1,002,DC,""Pemeliharaan Kantor"",523111,A,0,A0,,0,0,19,10,167,""Pemeliharaan Halaman Kantor Depok"",A,0,,0,,0,,0,,1443,M2,10000,14430000,,0,B10,168122,1367895,1078824,851765,876052,1025395,892571,912636,1990275,1990275,912636,2363554"
"403829,WA,2378,EBA,00,4,994,1,002,DC,""Pemeliharaan Kantor"",523111,A,0,A0,,0,0,2,11,161,""Pemeliharaan Kantor Sempur"",A,0,,0,,0,,0,,1789,M2,115000,205735000,,0,B10,2396990,19502691,15381276,12143991,12490267,14619525,12725792,13011859,28376252,28376252,13011859,33698246"
"403829,WA,2378,EBA,00,4,994,1,002,DC,""Pemeliharaan Kantor"",523111,A,0,A0,,0,0,20,12,281,""Pemeliharaan Pagar Keliling Depok"",A,0,,0,,0,,0,,100,M2,100000,10000000,,0,B10,116509,947952,747626,590273,607105,710600,618553,632457,1379262,1379262,632457,1637944"
"403829,WA,2378,EBA,00,4,994,1,002,DC,""Pemeliharaan Kantor"",523111,A,0,A0,,0,0,3,13,170,""Pemeliharaan Halaman Kantor Sempur"",A,0,,0,,0,,0,,830,M2,5000,4150000,,0,B10,48351,393400,310265,244963,251948,294899,256699,262470,572394,572394,262470,679747"
"403829,WA,2378,EBA,00,4,994,1,002,DC,""Pemeliharaan Kantor"",523111,A,0,A0,,0,0,4,14,302,""Pemeliharaan Gedung Laboratorium Permanen"",A,0,,0,,0,,0,,114,M2,50000,5700000,,0,B10,66410,540333,426147,336456,346050,405042,352575,360501,786179,786179,360501,933627"
"403829,WA,2378,EBA,00,4,994,1,002,DC,""Pemeliharaan Kantor"",523111,A,0,A0,,0,0,5,15,303,""Pemeliharaan Mushola"",A,0,,0,,0,,0,,95,M2,100000,9500000,,0,B10,110683,900554,710244,560760,576749,675070,587625,600834,1310299,1310299,600834,1556049"
"403829,WA,2378,EBA,00,4,994,1,002,DC,""Pemeliharaan Kantor"",523111,A,0,A0,,1,0,6,16,156,""Instalasi Cibalagung"",A,0,,0,,0,,0,,0,,0,0,,0,B10,0,0,0,0,0,0,0,0,0,0,0,0"
"403829,WA,2378,EBA,00,4,994,1,002,DC,""Pemeliharaan Kantor"",523111,A,0,A0,,0,0,7,17,157,""Pemeliharaan Kantor Cibalagung"",A,0,,0,,0,,0,,170,M2,100000,17000000,,0,B10,198065,1611518,1270964,1003465,1032078,1208020,1051539,1075177,2344746,2344746,1075177,2784505"
"403829,WA,2378,EBA,00,4,994,1,002,DC,""Pemeliharaan Kantor"",523111,A,0,A0,,0,0,8,18,158,""Pemeliharaan Hatchery dan Laboratorium Cibalagung"",A,0,,0,,0,,0,,539,M2,50000,26950000,,0,B10,313991,2554731,2014851,1590787,1636147,1915066,1666999,1704472,3717112,3717112,1704472,4414260"
"403829,WA,2378,EBA,00,4,994,1,002,DC,""Pemeliharaan Kantor"",523111,A,0,A0,,0,0,9,19,159,""Pemeliharaan Kolam Cibalagung"",A,0,,0,,0,,0,,519,M2,50000,25950000,,0,B10,302340,2459935,1940089,1531760,1575436,1844006,1605144,1641227,3579186,3579186,1641227,4250464"
"403829,WA,2378,EBA,00,4,994,1,002,DC,""Pemeliharaan Kantor"",523121,A,0,A0,,0,0,1,0,175,""Pemeliharaan AC Split"",A,0,,0,,0,,0,,26,UNIT,550000,14300000,,0,B10,166607,1355571,1069105,844091,868160,1016158,884530,904414,1972345,1972345,904414,2342260"
"403829,WA,2378,EBA,00,4,994,1,002,DC,""Pemeliharaan Kantor"",523121,A,0,A0,,0,0,10,1,299,""Pemeliharaan Instalasi Air"",A,0,,0,,0,,0,,1,TAHUN,10000000,10000000,,0,B10,116509,947952,747626,590273,607105,710600,618553,632457,1379262,1379262,632457,1637944"
"403829,WA,2378,EBA,00,4,994,1,002,DC,""Pemeliharaan Kantor"",523121,A,0,A0,,0,0,11,2,183,""Pemeliharaan Kendaraan Roda 4"",A,0,,0,,0,,0,,7,UNIT,17800000,124600000,,0,B10,1451698,11811482,9315415,7354807,7564523,8854073,7707166,7880417,17185608,17185608,7880417,20408786"
"403829,WA,2378,EBA,00,4,994,1,002,DC,""Pemeliharaan Kantor"",523121,A,0,A0,,0,0,12,3,184,""Pemeliharaan Kendaraan Roda 2"",A,0,,0,,0,,0,,1,UNIT,4500000,4500000,,0,B10,52429,426578,336432,265623,273197,319770,278349,284606,620668,620668,284606,737074"
"403829,WA,2378,EBA,00,4,994,1,002,DC,""Pemeliharaan Kantor"",523121,A,0,A0,,0,0,13,4,283,""Pemeliharaan Kulkas"",A,0,,0,,0,,0,,1,UNIT,500000,500000,,0,B10,5825,47398,37381,29514,30355,35530,30928,31623,68963,68963,31623,81897"
"403829,WA,2378,EBA,00,4,994,1,002,DC,""Pemeliharaan Kantor"",523121,A,0,A0,,0,0,2,5,185,""Pemeliharaan CCTV"",A,0,,0,,0,,0,,5,UNIT,2900000,14500000,,0,B10,168938,1374530,1084057,855897,880302,1030370,896901,917063,1999930,1999930,917063,2375019"
"403829,WA,2378,EBA,00,4,994,1,002,DC,""Pemeliharaan Kantor"",523121,A,0,A0,,0,0,3,6,186,""Pemeliharaan Genset 250 KVA"",A,0,,0,,0,,0,,1,UNIT,6010000,6010000,,0,B10,70022,569719,449323,354754,364870,427070,371750,380107,828937,828937,380107,984404"
"403829,WA,2378,EBA,00,4,994,1,002,DC,""Pemeliharaan Kantor"",523121,A,0,A0,,0,0,4,7,187,""Pemeliharaan Genset 40 KVA"",A,0,,0,,0,,0,,1,UNIT,4050000,4050000,,0,B10,47186,383921,302788,239061,245877,287793,250514,256145,558601,558601,256145,663368"
"403829,WA,2378,EBA,00,4,994,1,002,DC,""Pemeliharaan Kantor"",523121,A,0,A0,,0,0,5,8,190,""Pemeliharaan Mesin Potong Rumput"",A,0,,0,,0,,0,,10,UNIT,1000000,10000000,,0,B10,116509,947952,747626,590273,607105,710600,618553,632457,1379262,1379262,632457,1637944"
"403829,WA,2378,EBA,00,4,994,1,002,DC,""Pemeliharaan Kantor"",523121,A,0,A0,,0,0,6,9,191,""Pemeliharaan Printer"",A,0,,0,,0,,0,,3,UNIT,500000,1500000,,0,B10,17476,142193,112144,88541,91066,106590,92783,94869,206889,206889,94869,245691"
"403829,WA,2378,EBA,00,4,994,1,002,DC,""Pemeliharaan Kantor"",523121,A,0,A0,,0,0,7,10,192,""Pemeliharaan Komputer/PC"",A,0,,0,,0,,0,,10,UNIT,500000,5000000,,0,B10,58254,473976,373813,295137,303552,355300,309276,316229,689631,689631,316229,818972"
"403829,WA,2378,EBA,00,4,994,1,002,DC,""Pemeliharaan Kantor"",523121,A,0,A0,,0,0,8,11,176,""Pemeliharaan Laptop"",A,0,,0,,0,,0,,10,UNIT,500000,5000000,,0,B10,58254,473976,373813,295137,303552,355300,309276,316229,689631,689631,316229,818972"
"403829,WA,2378,EBA,00,4,994,1,002,DC,""Pemeliharaan Kantor"",523121,A,0,A0,,0,0,9,12,182,""Pemeliharaan Instalasi Listrik"",A,0,,0,,0,,0,,1,TAHUN,30000000,30000000,,0,B10,349526,2843856,2242877,1770820,1821314,2131799,1855658,1897372,4137787,4137787,1897372,4913832"
"403829,WA,2378,EBA,00,4,994,1,002,DC,""Pemeliharaan Kantor"",523132,A,0,A0,,0,0,1,0,195,""Pemeliharaan Talud Cijeruk"",A,0,,0,,0,,0,,782,M2,50000,39100000,,0,B10,455549,3706492,2923216,2307969,2373779,2778445,2418541,2472908,5392915,5392915,2472908,6404363"
"403829,WA,2378,EBA,00,4,994,1,002,DC,""Pemeliharaan Kantor"",523132,A,0,A0,,0,0,2,1,284,""Pemeliharaan Talud Cibalagung"",A,0,,0,,0,,0,,600,M2,50000,30000000,,0,B10,349526,2843856,2242877,1770820,1821314,2131799,1855658,1897372,4137787,4137787,1897372,4913832"
"403829,WA,2378,EBA,00,4,994,1,002,DC,""Pemeliharaan Kantor"",523132,A,0,A0,,0,0,3,2,285,""Pemeliharaan Saluran Air Cijeruk"",A,0,,0,,0,,0,,240,M2,50000,12000000,,0,B10,139810,1137542,897151,708328,728526,852720,742263,758949,1655115,1655115,758949,1965532"
"403829,WA,2378,EBD,00,1,955,1,201,DA,""Layanan Keuangan"",524111,A,0,A0,,1,0,1,0,230,""DKI Jakarta"",A,0,,0,,0,,0,,0,,0,0,,0,B10,0,0,0,0,0,0,0,0,0,0,0,0"
"403829,WA,2378,EBD,00,1,955,1,201,DA,""Layanan Keuangan"",524111,A,0,A0,,0,0,2,1,231,""Uang Harian"",A,0,,0,,0,,0,,2,OK,300000,600000,,0,B10,0,600000,0,0,0,0,0,0,0,0,0,0"
"403829,DL,7020,QDD,00,5665,646,5665,202,DB,""Pembayaran Honor dan BOP Penyuluh Perikanan Bantu (PPB)"",521213,A,0,A0,,0,0,1,0,7,""Honor Penyuluh Non PNS (Sarjana Muda)"",A,18,ORG,8,BLN,0,,0,,144,OB,2400000,345600000,,0,B10,0,42773719,86215778,42996499,42996499,44389586,43228680,42996499,0,0,0,2740"
"403829,DL,7020,QDD,00,5665,646,5665,202,DB,""Pembayaran Honor dan BOP Penyuluh Perikanan Bantu (PPB)"",521213,A,0,A0,,0,0,2,1,8,""Honor Penyuluh Non PNS (Sarjana)"",A,171,ORG,8,BLN,0,,0,,1368,OB,2600000,3556800000,,0,B10,0,440212863,887304051,442505638,442505638,456842821,444895168,442505638,0,0,0,28183"
"403829,DL,7020,QDD,00,5665,646,5665,202,DB,""Pembayaran Honor dan BOP Penyuluh Perikanan Bantu (PPB)"",521213,A,0,A0,,0,0,3,2,9,""Honor Penyuluh Non PNS (Master)"",A,5,ORG,8,BLN,0,,0,,40,OB,2800000,112000000,,0,B10,0,13861854,27940299,13934051,13934051,14385514,14009295,13934051,0,0,0,885"
"403829,DL,7020,QDD,00,5665,646,5665,202,DB,""Pembayaran Honor dan BOP Penyuluh Perikanan Bantu (PPB)"",521213,A,0,A0,,0,0,4,3,278,""BPJS Ketenagakerjaan"",A,0,,0,,0,,0,,1,TAHUN,19000000,19000000,,0,B10,0,2351564,4739872,2363812,2363812,2440399,2376577,2363812,0,0,0,152"
